hash,name,therapeutic_class
a9a60c2caf10630a3f0d8a30e5b22288,abiraterone acetate,
ef3ed141239e6136c32bbb929b069fa3,acarbose,
c82c90f1fd88e812eaefe0c579cc33f5,acebrophylline,
a116972637e69e883424c93f98bee23b,aceclofenac,
9321661b46400c27651a09266462217e,acetaminophen,
e50528a9d87bc5d9e95ad4a11418d9d1,acetazolamide,
516aa90a2552022428676c42db4939bd,acetic acid,
821f42827abd37baea42e523cf4d9520,acetorphan,
a1a32cc37028b85cb1a606124213b7c2,acetylcysteine,
597c2f37ce97ae4f595bad0dee5e8aa1,acetylsalicylic acid,
fb98be1dd61db35f1d9d4627bdc5db2d,acipimox,
986f74a066e5973a3d1f02daafdc36dc,acitretin,
78a87730afa006dcd391c9b876f408da,acotiamide,
703c984b065f2b5ef2b5e27c4f84fedf,acrivastine,
4449e8cf52831683069fe767838c36f7,activated dimethicone,
c0aa2c82df5fbdec74da7e1cd0f6b55b,acyclovir,
2e8a8b1c9142de3ac8de0723812d3fef,adalimumab,
e623f94c6d4c2cd221abe947bb1baaa2,adapalene,
4c348816782733c024f012ddd397b14a,adapting electrolyte solutions,
a910f49b366e18810689e3839ae74668,ademetionine,
a6f4f3d0c1e5be02769b218ba2247f95,adenosine,
d1c26e17588473f5fd148fa266a9a578,ado-trastuzumab emtansine,
4c1df11c676d2f2d452625a8be52a212,adrenaline,
355d4b53e1afd350fd78cbc7ea9601d2,adrenochrome monosemicarbazone,
74794b56e0788d8f04492ff5c76837a3,afatinib dimaleate,
5941f96514bf20022df8efd5bc990d4a,albendazole,
e7bfbc2c001eb8522955144b5000dac9,albuterol,
babf88f32d20f9e229a64f85adf79677,alcohol,
ce512da05f5dd778b09b8b5509f62612,alemtuzumab,
65ce3ff9b1e110012171374fa7dceb0a,alendronic acid,
a65fc53a6d1690ee1720b3b52b918db6,alfacalcidol,
2e9cdc4c87929fcf08fb29c7cdc51dd8,alginic acid,
43109b14f336d9ebd8d4e2fc23a5fc6f,aliskiren,
38eb511b123d2565060d703717ea760f,allantoin,
449a8c1014fe5cccc0a1263cc749e2e2,allium cepa,
43f3e69192be8f1848ce7b18af2e3589,allopurinol,
4f780a51bbe5a06a59059bc214085fdb,allylestrenol,
93e4736973293d42063696eadc990e92,almagate,
d68a6c92e437260b9db8cd44282f2f6e,aloe barbadensis,
e2daabeb430a244504cf383a693f926f,aloe vera,
7d031838f2601277e6f9837b0d8e77ce,alogliptin,
092095aa008269d95ce906c5169374d9,alpha glycerylphosphorylcholine,
7c42c520fb8e1c393fb0aa0877580e34,alpha ketoanalogue,
2b07ed870dfad844ef0185a3f51c88ea,alpha lipoic acid,
9a75914fa47b28f4ade7f93fbd297608,alpha-amylase,
85d06e779dc391d7b52f252bbcb5b152,alpha-beta arteether,
9863c9e68905880deb509000e694a742,alpha-galactosidase,
49195fd3ccbec731e4f7c5284609c615,alprazolam,
2d9f8c40f5aaa247770f0b1e0067ee8e,alprostadil,
b1af0ecdbd31a46dcee0aafa487bb307,alteplase,
91cb17dd472e5058832d666d1987ecff,altretamine,
8b4f995f8c826a2cb80f6a1517574ca7,aluminium hydroxide,
d82db87068417e0b54b7aa99c32f084d,amantadine,
f437466fa8717fd769398e5c38fe4716,ambrisentan,
1031933211d485133a33b32373841315,ambroxol,
76c9da9c26b8c41f34259e48cdb696f8,amiloride,
a9aeda7db1b37d6e4159faa2b5476533,aminexil,
8d25d16d9b21f5794e3d41a1fd0febe6,amino acids,
fb9049da62cbad7b38d817d680ecee59,aminobenzoic acid,
a0ea32663812f051acf9b28b5b8ba7fe,aminophylline,
a026c46530bb48495f974f4a22f0487d,amiodarone,
1a1f8d4d226c25146504e22af8e91ad5,amisulpride,
0feb64b5157bc3c66a25f0dbc1398145,amitriptyline,
6f70abfaed6920ed9086aa441fe04ee7,amlexanox,
613075564472c8742b180667f231d172,amlodipine,
be00898f75130ade5c6e7a7e72d506a7,ammonium chloride,
f43fdda2cdc3ad3aa5b4261a5255840d,ammonium lactate,
d37d87b705d68447b4a2beeda75ca1de,amodiaquine,
e7ca73a475dc344b643f59f840f23019,amorolfine,
2148dd43b437affb6db7a88c275c8617,amoxicillin,
02bb756a835589c2a6669999ef648c9a,amoxycillin,
ba11cccbce43be36a276d1393b1d7869,amphotericin b,
60309069b1012f626944dd5010ec6e13,amrinone,
dd3b4a338304715eb2bbf7c38d0ef3de,amtolmetin guacil,
10241a5e8fe5b5a5c3534c29d85f0343,amylmetacresol,
bb81ad804f4d3c3052614d03b76e442c,anastrozole,
dce25d40d7c2ca858143ce34372a2b2c,anidulafungin,
f3772502456b87e43468cdcba54653f1,anti rh d immunoglobulin,
ba3a50a71acafdeedc1b0a3a69695c5e,apomorphine,
aaebe6a633b16641ee52b043bce11eb0,apraclonidine,
e96c42e338e8903e8db6c6b6cc175916,apremilast,
c2bd3594bcf8ecb5b87563ff7274dcd4,aprotinin,
4a5224128e072e596f6e2e93cecd717f,arbutin,
c441e4d15c837dd1b1718b595f14fec0,arformoterol,
9a1407676e926e8c94b54e0864da4546,arginine,
662d78825e427448ea8547cad3dd9ef3,aripiprazole,
1fa6a81e1263b5ebc35e1d4231d3e538,arteether,
696d3b37770e3db384ac03a0c9ad33a7,artemether,
014a533ef942f43a9d5bb2b7ec4cd66b,arterolane,
e3808b9785653fa349cd23efa0847a72,artesunate,
487822f0665f60b7ec722e87633d831c,ascorbic acid,
3cca4d6809b5a622e9f966fa014461d8,asenapine,
90ea1eeaf311dc6d503bf7cb8056f8bb,aspirin,
b9ec5584dda30af4b310975982afd7fd,astaxanthin,
5094065ebe09fc29833ce02874cf9408,atenolol,
9051690d7dc9a57dd532825c0f43f68f,atezolizumab,
bade648070222bdbda2b6249c5d33999,atomoxetine,
9a05646d461669f86de312d88ab5748a,atorvastatin,
b363d2206727ebb2b2894e1b40ee5085,atropine,
918183ebe8d737590835d2d1ada752f1,azacitidine,
cb013fc997facd93bac27790e60831e3,azelaic acid,
65b1bc8fe4238e773b070a34d6f8e9e8,azelnidipine,
6a9a3756e4677ef76eb433fe07be0d1a,azilsartan medoxomil,
7e45210c1dc91deb046ed73eda3c6212,azithromycin,
25b11546aee5cb21e30016a266a07d8a,bacillus clausii,
a126926208f891983286ef83ffbbb6b0,balsalazide,
267699c7de2afe8d0df11b33b6098e9d,bambuterol,
4e28033db2ba4621de519d748d382d9e,beclometasone,
4492dbd4a978c2a158d129ee4da90d36,belladonna dry extract,
ce3aab03620aa9f33c21335ca6201b7a,benazepril,
72ef2ffeee18f79dd33dc41719d0f217,bendamustine,
a981af0c7bcc469943b0d9812d8b2250,benfotiamine,
5a62c8b365b6ad5ece7026f4aca40b2d,benidipine,
a09d49cf5674a5d29263bf9572480a7d,benserazide,
57d94c90d726a70131409356af4dc29a,benzathine penicillin g,
300328dd6317acfc4d3abab9c1b3261b,benzhexol,
ce0d2384fadaa69d65ab1a7f0b357d7e,benzocaine,
b1f678fb9e8abc503a817353541730c0,benzoic acid,
b3d69b543632a55b706bdf0ad6cf8925,benzoin,
c94bc6fd14e0131a288f0d1cd89fedd7,benzonatate,
c96b2c4a8057f0388e9d551ff6baa308,benzophenone,
afcd630de2c03201ebb7744624e2b66e,benzoxonium chloride,
b2aa5e1260f34a8981ab7c0c5a782144,benzoyl peroxide,
2bd7c19af691f3a8698efc7480c49904,benzthiazide,
e397313b4eda2feecdf05a2beb8d75ba,benzyl alcohol,
e289bb7492f31791c13ff74e01440f2d,benzyl nicotinate,
a11662ed4b8bd86ce27ad1fc88f31d08,benzylpenicillin,
095373adacde7c6cd864232a048584c4,beta-cyclodextrin,
e55c3c537b573ba436a5264801db82dd,betahistine,
b14c9bc01e19c27ff8c8e28b11d00bc7,betamethasone,
9e344fadef1ae829dc4b41bf28ba7481,betaxolol,
c85db06c42bae85dfd1164a2866981d2,bethanechol,
15a3ca20cc1ae7c92f77f9bd2380efcf,bevacizumab,
dd161b6a3b063c4dede7ae71f2de85bd,bezafibrate,
a96c01912436c81e8ad886be58e066ce,bicalutamide,
79ae94a6534619ea8c8db155590bf101,bimatoprost,
3121dc8f0c3ad9287ab7de600d9df0f1,biotin,
f1879a158ff2db3a7aa27e82170dec96,bisoprolol,
85f46c73aa100e656aa05a2a45d503b4,bleomycin,
7b771758b7593a4cd91692af63dc31ba,blonanserin,
e04215b002a3d5c5ff34ed13ca5f3a68,borax,
057f2c3be5a2ab1d3e942e9433cefeac,boron,
078ce846d23a61e02d1edb518ce5e784,bortezomib,
0123dab0cd5503e5b884df5bd5c9ea7b,bosentan,
74608442c0bbad63bcaa41656336e5c1,brimonidine,
f581e4f410ae1cba44a59759d89bc5f0,brinzolamide,
c72a48e5d468e7b8703b564d271b4a31,bromelain,
b4aaf3845852b3199a2c2313760982b1,bromfenac,
5c7b03ccec553dd2565d6f6a38746e17,bromhexine,
4c04792e32803c6ef92b112b5e4134fc,bromocriptine,
f5d86d814499cd6941954effb3294546,budesonide,
6c91a63ae0dda1487ae7228b6b87b49b,buphenine,
360efaa1ddfb6853e614b115be998ab3,buserelin,
0620960e306a7fdfd7a8434558800c70,buspirone,
059866311a316917ee93764672725b72,butyl alcohol,
eb5233b08a3c06842f484187b9cc7bd9,cabazitaxel,
e724f8b8a8349afb5beaeaa300323933,caffeine,
268552156ec42d7bb523acd2c406e3ff,calamine,
337fa40be46d088bf86d0af832f49c5b,calcipotriol,
ab037f18f87161a789e7f07e31370772,calcitonin,
4b7cc6c12b5a8db20724dacd23c177f2,calcitriol,
e7956178e76c787c0a2407864ff39d67,calcium,
2738b9416f975593fcb2306ca113dcc9,calcium carbonate,
c50c9d71ea2dbce1fb8390fb81ebff84,calcium chloride,
9ef6adf8505f2b9488ffe05ab103d0da,calcium citrate,
0ea7e1049fc5dffb7fb57b092e6f8244,calcium citrate malate,
918712de3b241b7035242613e7f0e345,calcium dobesilate,
f422478eae31e7f005aca38409246e19,calcium gluconate,
507f6eb6ab0a534363ded27ddeb6beea,calcium lactate,
dd7589ed766889c49bc4218d42e0523a,calcium lactobionate,
60dba8b33882ab29d72ee18f4b54067d,calcium pantothenate,
49a2df04a487f6bd9a19593deec95044,calcium phosphate,
11253f444d49f5b9c5f21271dace308c,camostat,
c53aa1d5c94afada5ae7a2750e0ce96d,canagliflozin,
82908d531f0cdd85e68bfa40a9622261,candesartan,
98dff93ef4eecdfe1514d96f0f89664a,capecitabine,
ec4e01400841f6e09f478791a290bbb7,captopril,
ae00b699cbc9079d5f2b1425c67473a8,carbamazepine,
5e22fb79965743bd6cc1b98e27687304,carbamylcholine,
531d7c6ca3f6640dda80e4205a721ae0,carbazochrome,
c2ea1fe3672321462cff9ae50b5527df,carbidopa,
f0c1ca1d7167053a69c8837aca428b21,carbimazole,
3a5e2d65a95c25805145999e75e865eb,carbocisteine,
e32dbbdb49c0010507c7f33b7a0a59b9,carboplatin,
58776121233d50cd3aecbc3b6101bd5d,carboxymethylcellulose,
acb8af885647d19f760bf01987644b0f,carfilzomib,
0015ddfaedc0e2b1794de183a954a110,carmustine,
9a03eab80ea60f55829104fc01f1c8e1,carvedilol,
e81ac41b0a05453de9a2f2d6f098e0c3,caspofungin,
d5ce7430bbceef40081eaa177e275dfe,cefadroxil,
dd14eaadea52fa39c13acbd80265779b,cefalexin,
f43e0cc1f065ee9b569f2bfac8b3633a,cefixime,
fde880fcccbc1dc4573a001a62d0ea22,cefpodoxime proxetil,
6ec7d05af4ec7320d1751b303503b27a,ceftriaxone,
cb0aed0ba3d0977bef16e08e6576f579,celecoxib,
d4ed200d3a2da1dc293c93dca05bbcfe,celiprolol,
eb1ed6776ddbb276b684bca46097beea,centbucridine,
b6a3de3617ebb087fce37844da29effc,cerebroprotein hydrolysate,
dc1a76872defb09c210a0be2cdb62b3d,ceritinib,
da16bf67c28b5d14629025fb381f2ce4,cerivastatin,
6894e32e716f1930af32a784fa585fee,cetalkonium chloride,
f24214d639532d89d2f38f185dad6e20,cetilistat,
5e26e54112de55c4e148a41b1aae1771,cetirizine,
03ce98c860361680a9bf7e56265aee80,cetrimide,
060fcf2a14c25bbaca289a9f5b90c2ee,cetrorelix,
b367bd0fdcda7bce56ef9e03be9f0031,cetuximab,
3e93b8b6018654476d55a79ac1ff64e8,cetyl alcohol,
42133a3dcbeafd8d1b0a68cae646de2a,charcoal,
2a1a7a93a6d5a610467a8a4dd5ab5d46,chlorambucil,
960cc57a402799915f6823f5af95aa30,chloramphenicol,
524fffc3e538d4bda831d94803150edf,chlorbutol,
fff8d8d831ed52cc0a490c563bdea76c,chlordiazepoxide,
f559c4d8163bdca667eda436db86718d,chlorhexidine gluconate,
642c96c5256c6ff4f258bc9f535a04c9,chlorocresol,
3d1d990b603a3679fcb52083002b68eb,chloroform,
baee898dbb60b1fec5810d87c6bbfbb2,chloroquine,
5dde83a0e14c45af0ed850d937d8745f,chlorpheniramine maleate,
a21ce986b71399177446d6c5d76210eb,chlorpromazine,
8999275824efe1ad7d6f23721534ce7e,chlorpropamide,
61ef0be7fcd0838e4701e2a2b5480737,chlorthalidone,
657839fb1bbddd3cf93e01cbc8d402a2,cholera vaccine,
c825035be549d0f6e3f64d7f37ac1ca5,cholestyramine,
455533906feb5d3732f1df827133af42,choline,
804f1a1bf80aa8d4ee6abd39ac4d703d,choline fenofibrate,
adc59bf1a57ebe8795170e42474ad79c,choline salicylate,
6750016a890ac8c185d2f686a03fce1f,choline theophyllinate,
cdc228f94ce4a45c13eec3dad76ae05d,chromium,
1af683189858252c392f7276a9cbf332,chromium chloride,
85d9ef5686a80710d15849a0d6c3c671,chromium picolinate,
8e04f2d9c28587cc9f9741b867261163,ciclesonide,
9d2edaa364ce20dede957734ff063813,ciclopirox,
aaa84d3ca38cb616b0566f0d707d30b6,cilnidipine,
99b6e6cf0c48382abab22f066e51418f,cilostazol,
bfd5b224ffdce398d36e4657a8693e58,cimetidine,
52a624241d4cc518b719672757fc515f,cinacalcet,
d268fa7a93d651565a32374781c174ef,cinitapride,
b4060aba61b59cc5a43b741bca7ff4ca,cinnarizine,
43072df0e0e5147a5ef0337ead7aeb19,ciprofloxacin,
daad46daf65be2a6f993b10be2742e52,cisapride,
492d36f2981f17457d9d5d8403a6feea,cisplatin,
587c7a9391abb495bc3047778fece9b6,citalopram,
df9dce36e5a231a1a5faf974ec4e9998,citicoline,
450c26b988b881e61323897daadc25c0,citric acid,
f9e69c13bd282d91fd18bc52a0db8230,citrus bioflavonoid,
6b2228e3b3d1a6efdb3cd2da74864d58,cladribine,
761cd00c68a15f15dc19b86515910907,clarithromycin,
788597af628ff3e937fda89c831cc396,clavulanic acid,
0a6c70756fa315eea58d8fb321aead6c,clebopride,
4475c64b5b758d043fb7de09a3ff7ca8,clidinium,
b873e9713f57ccf378c1097388907fc0,climbazole,
9673d3daad7e660c600c9c359861c198,clindamycin,
1546e1095b2c47434c2c27fe41758d8a,clioquinol,
24947e188cbe6d8e6ba042dcbf462ae0,clobazam,
824cd300fcfa6af913d9b093c11d5975,clobetasol,
b26bf8cbf84c5cfab417970f21c4132d,clobetasone,
1252ba52705ec7a21dcb548f024bd9c9,clofazimine,
e06aad1fb0613e3aed22f1be3ecd1f7c,clomifene,
b5765889f9e42b25a61b0328c4aa9cba,clomiphene,
59b3bfccb9641067ec21eb39b863491b,clomipramine,
aa5a3a1050c41bdfb6fb821abda6102f,clonazepam,
7c3e3df6e424c309daceb240e9a77a69,clonidine,
ee49834873239ca0bd02df0676c887ca,clopidogrel,
8e4c2f7758cd33e961cecdb13e55e6b7,clostridium botulinum type a toxin-haemagglutinin complex,
4f87866a0234cffa3a187bcd00c76f2c,clotrimazole,
ae047b62551e733c7ebb4a9500b4e357,clozapine,
8603062b570a3792b545270c31f8c37e,coal tar,
f37ea20d1b50cd8210adffa14858f44b,cod liver oil,
cbde31889c06391b6c8345fd15a4a43f,codeine,
e1d0518375deb8820ea72af451d091f3,codergocrine mesylate,
5cad776b80feddee68f1bb329da80b09,coenzyme q10,
89b62ca0482f6f3067f88ee6eff8ce7c,colchicine,
2ee5862414a84f105f7f8f290062962c,colfosceril palmitate,
a6b799598cc9c0131d1498760fff1ffb,colostrum,
e7e94d9ef1edaf2c6c55e9966b551295,copper,
d21b4c3b724b65e0f2e03695ab4b052b,copper sulphate,
740142c79aa6405af1ebdc507a0f99d4,cranberry extract,
35ca3575106af33fbe9636f5ef8575c3,crotamiton,
8b38bf923175a211a1f0a9339c3ed958,cyanocobalamin,
1c95ef6825475ab0199fef6651c65d36,cyclandelate,
f7fbaa078151b9c59fef08d4117040f7,cyclopentolate,
3a0d0bb54f984a2bafe0e1631eedfb4b,cyclophosphamide,
d2cd1c23ecae25b284fc3c8813c524b0,cyclosporin,
5c29ff88c91c7bb4b33b61ff3ad7fe97,cyproterone,
2ce49bca06525d521597ae935191d6d9,d-chiro inositol,
e34d9a46c9a272805c3680b6160adb92,d-panthenol,
107ac39d8f6d89e9d9d651fe0ae81cf8,dacarbazine,
29f04d79eb0658d5d187e9f981c56d52,daclatasvir,
cc1bbd08f68ee3e8bc61a6e2127bff18,daclizumab,
76bc1e709d88ef806b6d7ebd53421a8d,dactinomycin,
99c6a5e7473f996532d588c773c4cf08,dalfampridine,
77bf40723eded3b531ebf453e837646b,danazol,
47e609a7556335e73540caeda7f501b2,dapagliflozin,
b885648bedd7deade94beecdc859ed06,dapoxetine,
d52aa364e4283df119e202f984e7aa4b,dapsone,
3c277ed1c6f8732e788891948fcbdde9,daratumumab,
0f2e7f8a98a7b162872dbeec72cd1e46,darbepoetin alfa,
a7ba12269aa8deb8eeac403f492f47cb,deca peptide,
fb4ad9cd3486069243cc9f6ae867353c,decitabine,
c6aae1777cf5e452368695b29a89285a,deflazacort,
f812f9eb1d2ca77fff87e615574ce4dc,degarelix,
645d3f4420535f133c241e3a86558ba5,dehydroemetine,
72344d40030004c2cfcd87a9cb5cdd40,dehydroepiandrosterone,
263e7126cd4d402da410fe8da07b02c8,denosumab,
d51291e7d675a24203f1a2e152221f98,desloratadine,
de20ded3cdc41b2de6dcf2f4e21ba240,desmopressin,
778539e8aefe16c7180569722faa551f,desogestrel,
d76a1941b2095d58aa1c8dab4e70443d,dexamethasone,
94a2003755e5a5c280a06e5d105e8d89,dexchlorpheniramine,
30d0fc9c5b16cf66cc527951cbb1716b,dexibuprofen,
75580bb8e24c7558f82b96634e4c34f5,dexketoprofen,
b02cf120f538bb1a95579e7a90f24115,dexlansoprazole,
ddcadc2a287974541ffa7f822ec40465,dexpanthenol,
76082fecf58807aad1b9dbf2b420e6a1,dexrabeprazole,
e863aecb1a9a5dc4b87d06eeffc55310,dextromethorphan hydrobromide,
633dc3d5825593627c03a90485d203c5,dextropropoxyphene,
3353b101b00985f1761c871800499194,dextrothyroxine,
d84b6023a2d52d09af66b8e0e97743c7,di-iodohydroxyquinoline,
5cbb7b706293f0c7e3b8b60917ff9a8a,diacerein,
1b1bef6ec19295245cd2c087d532da9a,diastase,
60e35ca8363a9f9dff8868112a0a5369,diazepam,
a5f49002f4a538fe02a9ce42a7aa8dbb,dichlorobenzyl alcohol,
35bdcd69a9fb778a0240825bfe373d27,diclofenac,
7b578e6fa84b326dd2e9e45d88a2eecf,dicyclomine,
c157c02f2e861c9b9ed5d28a450b84d8,dienogest,
5db2875f88da8332ec52bf1c745b1d27,diethylcarbamazine,
d447fc3e7e6eaa4ccbefd4fa3c3709f0,digoxin,
313920504a2a2a4cc986ae34590ca1f4,dihydralazine,
7a24aa59e2d97ee5f4399bb3c29e2362,diloxanide,
d45e5c630fbc8f5ff1adf2c99159be1f,diltiazem,
915cfc71b5ecfc0453061429c60f590e,dimenhydrinate,
524888e8296263704e67353907ccca94,dimethicone,
352ebf6da698802dda3500e235bf933d,dimethyl fumarate,
3ae9d1635b657db8f6ef54e1e5c6c50c,diosmin,
40ace63b6404af61446cf28f25ab0d73,diphenhydramine,
06589fde82c5b23ac7525548234207db,diphenoxylate,
f75a2759e053e4fb0fb369d17abfbdd5,diphtheria immune globulin,
59a5dc0140fc0f9c33768282efd66485,diphtheria toxoid,
e5a0e19399eed81ed9b843ce4e6d0d85,disodium hydrogen citrate,
a3269580dc8f81e5ce2d78dcab5c2642,disopyramide,
92cc7f7bc3c2cd36a37c02a1df7f70bf,dithranol,
978d40099051ec56f9d74da70d3686e1,divalproex,
5958eff01b2007c4758fa2fd982e82db,dobutamine,
211825d32829aaffbdc41442ec401539,docetaxel,
37fe7b2485270fa57ca0c08de0ef6df8,docosahexaenoic acid,
78599bc1ba0ed00b25c5531cce99cd04,domperidone,
76150a281024340e66769b787719db2f,donepezil,
cd931c1ad8485e3dbd2a0e7943feb827,dopamine,
3308cc6c9751e2f82ac075148be883d1,dorzolamide,
d04a9493dd08f88c1a424465ee65b022,dothiepin,
5709c3f9ac6463da43815b6ca3d16997,doxapram,
aafb370dad399faf8d78bcaf30dccda7,doxazosin,
4123349e02410f24bf5c5ec761d0ce5d,doxepin,
72a9f58b28b29b14c06f108447a4caa0,doxofylline,
87460a460d3729bd158dc5cc6fe48349,doxycycline,
554cb0a188eeb631ee0c30ffb0ece72d,doxylamine,
b3d0fce6e28eab5deb85c09ac3a3a14f,dronedarone,
515be10200b1f1aa7adcffce2ad608dc,drospirenone,
d798780aa69cf38339f46cd5aacee037,drotaverine,
bda157491e07581dd1301b921620c0b3,dulaglutide,
c7455b3adf2d63fefa0e8ddbeae0ba4e,duloxetine,
295b9cb78c345eb236e37ca5a6408bb5,dydrogesterone,
2e32983fed41d7ac3edd516d85dbb31a,econazole,
f3eb5febe7a7e71b65107abcad18a52f,edaravone,
5440a617655b19bcaff6af4ccaf6ae72,efonidipine,
17d81ba95fbd320b0462a2a738164f39,eicosapentaenoic acid,
204cb22a6071d839c2f3f70bbab29d92,elemental iron,
44fff3e5d38f2571072f94af3c299a3b,eltrombopag,
d4158d4fa0c988a916cdbd710baef526,empagliflozin,
dbec8d8933fbc9eea20bbcfee94337d3,enalapril,
0af4dc5a04185630765372d57093b288,enclomiphene,
9d6bde1dfdbe6ae73a503b7573b2e412,entacapone,
ed174ec2397e36b192df9e443734b919,enzalutamide,
2198357cdcb1828801bcfa2ad28bd8ef,eperisone,
49202012eaa88fbe557816ca4eeac7f9,ephedrine,
b1d1af61ca494db104741a2e50ca5f23,epinephrine,
053c635caecda2e56ec62b06e408849d,eplerenone,
bff701b3cc48e59bc4eee4e2eaed60ac,eprosartan,
b6bc2bd9b98dbd87987911dbc4c4a98d,epsilon aminocaproic acid,
b151eeae3f534895c6d1719e7322f457,eptacog alfa,
4e78538b495fe763304c16d92584575d,eptifibatide,
b51a04040023753237d55ae0be2839a9,ergoloid mesylates,
4f4707416139832cb7a9c9e978e42d32,eribulin mesylate,
1e85826851ff25bc63a6869d747e7e8a,erlotinib,
26b70e443f3a35736f53e5730a09a008,erythromycin,
dac578b818e34dad54666ffcc3399d20,escitalopram oxalate,
1d2b1278f7ced52190c7c93b6be1e936,esmolol,
53304c52274b27ab1343ebc2bf61f649,esomeprazole,
0a5c943f0421dd65679582a932e0c687,estradiol,
c15b8a066effc12469610274c97838a8,estramustine,
6d69452d52861e8f659a31e5bdde1bde,estriol,
92a8482b33252d25adc50732281c7f07,eszopiclone,
4331bb9dabccf7da25593b72fc7b055f,etanercept,
296f4b63acdc755f03528f7060f67536,ethamsylate,
cec06bf91910903a3be446832cc43139,ethinyl estradiol,
3f56cabf245539b1e0d9a419c4956ba7,ethylmorphine,
e8f45b090dd149d9046d2653e1d5335f,etidronate,
d3e280cafa0f6877683ecec5e90bd3e0,etizolam,
98f8a79c9ef50e5ec953a8f61872cde4,etofylline,
a164ae2a3eab863a682d9202bb5c90be,etonogestrel,
4bfbbde00db27bb8ccfa579da241048c,etoposide,
72c6385215d67cd415c4c0c77a8ee07f,etoricoxib,
1143ad870d40ae803bfa0f2fc7ec97c3,euphorbia prostrata extract,
9fa8df0913cba5b5493c565754e04b60,evening primrose oil,
bf53ce576b9716aaff4397db1e1b12c4,everolimus,
287fade25813f75ea0375710cc052b38,evogliptin,
f5f97752608f7aa5d8cd3fde264eb6f3,exemestane,
8357578c9e8be615076f0179df9d0c39,exenatide,
c9a8b57be001ec3433df013effddd55a,extractum cepae-cepalin,
503a274bc9226b499f30b40c2fd5b064,ezetimibe,
23ee1e9e68a1cedf6d3a10d26d11c6ed,famciclovir,
cf27735bb709727266eb12813075ede6,famotidine,
1b669427d801ef4135f33c7d31454364,favipiravir,
4ee334e9551b40764860d0c83a3de6c2,febuxostat,
71abb1bafa85311f9faebd49a99199d8,felodipine,
99186a8aa7aa57ba366198c5336d47e9,fenbendazole,
3402151c884984650a63c8f2ca69ff7e,fenfluramine,
35d4cdebb45e4b7aba1cd0213312efef,fenofibrate,
452e34e8775e5912d668cfde35f7e04b,fenticonazole,
dfeb765d61667f7f18bac62ca5365428,feracrylum,
6193243ac2253ad15b894f7a98f0ae95,ferric carboxymaltose,
1b5faa561e36a6f1202f927892fecf6e,ferrous ascorbate,
bff8ad02d90fe7bba2583a6a547c4e15,ferrous bisglycinate,
fa7414e854d50ef53cdc57435333fba4,ferrous fumarate,
38cd5a0e460d4faa096c2e29fd4e0b82,fexofenadine,
fb66f0f803b02113c44fe22437c480c8,fibrinogen,
e0abb80b8c600e3c3948a9d266441f1b,filamentous haemagglutinin,
63020a5ff35edbca5987f8002b773659,fimasartan,
c4163b2fcfb67c62f3b4de6cf3170934,finasteride,
20340baf00f2c4ec417bbf6c08de7c1d,fingolimod,
653caf85ef70fbba4175561c593a7a7f,flavoxate,
4413c1ec1491a5b3a24c2876c7e7f83f,flecainide,
5c03f6ecab0efbe74b506617e0c5a537,fluconazole,
2cb7b3368ee729ae24d74be17308200b,flucytosine,
68d9508a6424de4203a026ca62802a73,fludrocortisone,
1f79f228d41c7e58a1211b611cdebf2a,flunarizine,
5603c6204483eb88cb3e72140d48cc6b,fluocinolone acetonide,
24fcd706d867fb7a302db0b487895762,fluorouracil,
8ba35f10a787914315585facabb22516,fluoxetine,
433e2ac7004967e6cd2c2ad07b6f17bd,flupenthixol,
3d7fc82c6e113aaa21cc253eb8dce1b9,fluphenazine,
2f6c45e317bf208a4e393dde5bb2d55e,flupirtine,
934063de7db1e86ef7947bb699f3ab34,flurazepam,
8cc24476c2d2771ce1d890e818804567,flurbiprofen,
f448734eef85d7ca44d717b3022cccbb,flutamide,
d20f506b6c1ec603d63dfe82d31a5661,fluticasone propionate,
222fbc7af20e0dab62e52bb92cd1d09d,fluvastatin,
1b089f9ae317132db0d4f5614aa8aa4a,fluvoxamine,
5471bbbf1df9a8e21e95c5074a5a8717,folic acid,
99a4c82e3cd262ec0a413ff1e62217b5,follitropin alpha,
d74e5274a474fcd73d2f9dfe86aba1da,formoterol,
a17465ba4a545d8287d585493dac15b8,fosfestrol,
81ff9c27c6138901ce065965b899f9b1,fosfomycin,
b25bd07980f6d7165e7a350559b3ae7a,fosinopril,
ec2921f20d044ca29be5f61cde8d4382,fradiomycin,
6ad91f604d6ff8e98a6c438c8b356240,framycetin,
5b396e2b229aa7418372eb005718f7fe,fructo oligosaccharide,
d843c48300874227785506f7092e03c1,fulvestrant,
6be5e20baca9ce9892e56003d6d7f4c2,furazolidone,
b3a7c2fc99b1b6f7f46d0298f6246fa6,furosemide,
3c0de3551043e7684d97d1ccfbf65cea,fusidic acid,
402995ffee720124b9b106ea4656da43,galantamine,
461bb1b202fb117ab4d0f9df0f676390,gamma benzene hexachloride,
3634f24e8120addff6fedd21071ead3d,gamma linolenic acid,
4584d7cb1faf36577a3f5dbfa354ac5a,ganciclovir,
f39d85b5533e098d34a976dedd3b1e91,ganirelix,
6cb2f377b226bf82de76b76deb724829,gatifloxacin,
553de2aa690a5750d1825c26ecd3f9ed,gefitinib,
e222d1c419b5a154def2671c9881563c,gemcitabine,
37fd05ebd0749cf6b7fcada0da5be619,gemfibrozil,
8f889e8403606947441b2b3f81340072,gemigliptin,
ee78ab0551f8c8e49e5034868cf3f3ea,gentamicin,
ecbbdcf093dc2d3ef23bfa23fb31c6f6,gestodene,
b224947dccd81863bcf1b0a2ce9e202e,ginkgo biloba,
800fa26bf95a126221c4361b84d4ffbf,glatiramer acetate,
96202521af735962a7856386c1e219e2,glibenclamide,
e7eb4695bbb3c1946ee23e0332b8a3e2,gliclazide,
efd923b5f0e9d586b4911917697f6427,glimepiride,
4f5abbfe6e0293746b036e204236f1a4,glipizide,
b2e06d877b774c448b4c39bba6817222,glucagon,
b745d21b8f0540111080249f291b63b9,glutathione,
aa4d891cf42af9ed2ef4b0c1b525a604,glycerin,
1ad2eddfc3dcac085eccb8096656b80e,glyceryl trinitrate,
3a778f248ff123853d5605f084e2e260,glycine,
c46e3f7aa0d8ce5f4117693c7d32c3fc,glycopyrrolate,
96baa93268c3c80285252ad5d925b3d1,goserelin acetate,
280a9bb7eb9757d799a734c4c58d69ba,granisetron,
599a759df31b18633576c34cfb29baa2,griseofulvin,
f711746e5f7a7aef2982f562b0c73c18,guaifenesin,
c72282a69cc874b6d6d216ea89eccfd4,haemophilus influenzae type b capsular polysaccharide,
dfc9b341c28db774762c2a61fd53a14d,haemophilus type b conjugate vaccine,
c9faf753a6ac57c53c7dcd77e3f51ff4,halobetasol,
3f7f7f4ababc75184339804962a1c019,halometasone,
be66cb61a692a623948570290a3a2db2,haloperidol,
63b3822387491473161983429ba3ee0c,haloperidol decanoate,
953a2f9aeb5efd26d740be4dce04d537,hemocoagulase,
4084c7bea95519978dcfa2e607c5bcef,heparin,
a87ca5a5c63f4b7e34595ea333943f31,hepatitis b vaccine,
03c58ff99584c710aee183d206d371af,hesperidin,
d8d29e7f24731a72cbe5cc3e33ac6a75,histamine dihydrochloride,
5ab822b30f598101d3eb8b91b89ab2d2,homatropine,
b62c11577c3a5f7e8b7524cf8e533d5a,homotaurine,
faa6e62374fecfcf1a2b37e4caf0ee60,human antitetanus immunoglobulin,
c8756a1c1ec052f086823ff9188e2670,human chorionic gonadotropin,
37032e5fc83d098a4e22f516e580e717,human gamma globulin,
590c0dda7e42d43588c9b5a1d76aab36,human insulin/soluble insulin,
2083952b1b8816e148c02fd298e6e0b1,human normal immunoglobulin,
bb7ef5d3f3235ad03ee5c6384a2fb8eb,"human papillomavirus bivalent  vaccine, recombinant",
4b1ed872ccb479b21b2f06df3e9e127b,hyaluronic acid,
0dbb6d96ae64988fe2f3a9249b0024ab,hydralazine,
cc84b4cd60c1cf1a67337e315a017a42,hydrochlorothiazide,
d8fe080916908ac1d12058ea7d6554a9,hydrocortisone,
46fc23f94b09d7a58412e773bfcae182,hydroflumethiazide,
4dcf3f8daa0b0a6bcc1b49cc8db74d2e,hydrogen peroxide,
7e8201918916cbdcdf1082d6087821e5,hydroquinone,
8312728fe1d074733162bea19245684e,hydroxocobalamin,
8c98fd84246b51a17cfcd9cacc15a156,hydroxychloroquine,
262282748a9dc1c98790f7dca9702064,hydroxypropylmethylcellulose,
0528f6f085f05d7fbb91717f8d71d993,hydroxyquinolines,
0f922d986f6971cb70133f8861712380,hydroxyurea,
e43d53f17d68998faa8c542bb93ee0c3,hydroxyzine,
8833a227028e2792a8cc1adbec69fb68,hyoscine butylbromide,
a6019142bf86cb41148dcf6ad68ecc0b,hyoscyamine,
5c12e3f2e4df5113d1b2daf75109d8cc,ibandronic acid,
6a99a26f9348d8c3e42870f694057d58,ibrutinib,
10daca0041c9b151561aea3f8524ae71,ibuprofen,
0639e27b60a1f2a8dd180710a6368355,ibutilide,
1a08400d1500e7abaad2896bae678c31,ichtyolammonium,
771f82847ab8a46f627ee29f6951c838,idebenone,
1e8be3d45b14adc0614e479bbd0f436c,ifosfamide,
5ce8def7000880ba1d38ca9f6f66f04b,ilaprazole,
3a03ae646327f3cacd0cfa96d9fef3f2,iloperidone,
7db9ad1dfe28c4ad23557948557edbed,imatinib mesylate,
26c2ca5d2c935df911456036241c9cd4,imidapril,
66a1dc7636e1981535efcf41715009c6,imipramine,
c9834a8669494c17ba4c4e068da60d66,imiquimod,
8b6a23bac847226acaa5cfde3628a7ae,inactivated influenza vaccine,
498f2abb55190f431f3f7510db11a0c1,inactivated polio vaccine,
6a8c45d2fc61b9a671a5d4d87f59c6d3,indacaterol,
eca797c88245e90812af8e8f0ca0bbbc,indapamide,
7378d68f7b1637dfaf1d7fac767ba52c,infliximab,
b8a55260a041e77ccb029ce1cd1f7db4,inositol,
9a85454cd6ab1af505517c40ea3506e7,inositol nicotinate,
15e53f13931339d5b9bd9dca094ce2b0,insulin degludec,
31d7591f396ecacfdf54739787b26315,insulin isophane/nph,
40f8b03324d7e08d1925e612ab2d7286,interferon alpha 2a,
9565031ab98d78c87450c4af41a2a603,interferon alpha 2b,
d10e9b48ffdbb50c586226bfb7aae497,interferon beta-1a,
eaf20db32dfa1e0b512cd229470e5137,ipratropium,
0c9e6c673a48a176c2c1114fdf6885b8,irbesartan,
bcd31c714bca2c41ffca31bd03003311,iron,
fed3436fe3e299c7c3d1c91326161039,iron hydroxide polymaltose,
568a62f7bca8cc0e6b0d5760438658bb,iron isomaltoside,
6ca8d2588c160117008bbb124b104ea3,iron sucrose,
5abaa82edfd1c59a493ec1f7368bfada,isoprenaline,
55234af1a668cd984960368bec6c242e,isopropamide,
5f2a97cb9744a7a4a4084ba80bcc67fb,isosorbide dinitrate,
4c19e636377dc0e2b1a71f349c1ffc10,isosorbide mononitrate,
68d26dc47f2c0e065b101f59a849ece0,isotretinoin,
cd3d2535b77006e70a1c8a1340e18b25,isoxsuprine,
a09fd7559d3518ce8f20221f4a6ddfa4,ispaghula,
e0d9e86704a5ebe69200d07f3fefe6b9,itolizumab,
f498dca4d009b7469b03364dc382acf5,itopride,
e6669ba1a82ed0f6d4f10edc9141eb04,itraconazole,
bbb651a1913e568b3035dea752ef36ea,ivabradine,
51d208b0a0189c11427859e0378a46c0,ivermectin,
6e5153cebdf5f60fe4b4463c90e23b39,ixabepilone,
e989f946cdeb0ddc73d5817c8031f712,kalmegh dry extract,
a28a8b9246548829f22c8b8c14ca6138,ketoconazole,
f5142a915073f27264e3eb0e6ff3ef87,ketorolac,
7e9a65f6b7f664f2d6c3f240a52fb408,ketotifen,
886654385c0fff7158863d2f7d082c00,kojic acid,
57492380ebdadfca1a38a72313e026b8,l ascorbic acid,
c70382fe5765433ad6e6e5411cc1667a,l glutathione reduced,
79fd787e5efcfb3a8ff1cd4ae52a3cb2,l-alanyl-l-glutamine,
c010daebb904d858f57e1ee2af3fc540,l-arginine,
bd0746c94e788d924a9b528aeb66cf1e,l-glutamate,
0446b6775c91e2be0f7ac0f9d262fee0,l-histidine hydrochloride,
fb1cfcc1e3332c5b98ca749734cb3912,l-isoleucine,
b109969fbe87e6ea753c0da4376b6bb3,l-leucine,
07e04fb16b1691fdb4e4ad07d6ed62b7,l-lysine,
f9867e2d754781dbb1154af37c9765f6,l-methyl folate,
22a0bcf6d1820897c2b27f850a0a51b5,l-methyl folate calcium,
7121da8393dab126da4a5b864bb0a833,l-ornithine l-aspartate,
3698f7c06d5ade219b81c84829dd8d44,labetalol,
8dad7a6c3498ce5dae17e954a0a94f6d,lacidipine,
e8a3c35f8baeb2a3323eeae2ee78d3aa,lactase,
2f02c7d60b0a57bc6cc9897a0978e8d5,lactic acid,
38b4ee3006b8ba8221eb56232e57b0c0,lactic acid bacillus,
9fc25b1684d4269622a5240b5ca5143f,lacto bacillus rhamnosus,
31cddf7d6f0e964d5489ddb73083100e,lactobacillus,
a01927d8b73cf111b127b4b25b5d4033,lactobacillus acidophilus,
234e679c7b5d9d6000b9996183ba1373,lactobacillus brevis,
eb81d1098ab76a88943f68b021873c78,lactobacillus plantarum,
8bdaa0135a8afad76b9a9d6128491391,lactobacillus salivarius,
c5e499eca25585f7d0749af7eff22ad6,lactobacillus sporogenes,
d19a7f1be1c786ca513d3a44e3dfa4c6,lactulose,
67136c7a8ad8218e630db8960ed7a6b1,lafutidine,
212e2997f5102064929d1d64261af24c,lamotrigine,
aa2cdcdaac106589ea6c8dfa19a0de4b,lanolin,
ca5b04492c1a893d2597bba15f63244f,lansoprazole,
2c76417ed04ab6a20801ca5e51c93fd8,lapatinib,
30d9a492cd822ed7ffe8d8e38ff57efa,laropiprant,
5d37fdd733c984bc4699c8e095fa9b96,latanoprost,
fdab690632ebc07d77548dc609568df3,lecithin,
ce958550f1dcc216d013eb501e1f1286,ledipasvir,
77a855e484d10473c2746e9b03c57dde,leflunomide,
d4995980c626f88ccf36d0f35c6d0ddf,lenalidomide,
e3cb47d6ae4b7114d06e3285c7e5b6a6,lenvatinib,
f70095a1f3d2f7f6a1edb39f08346e6a,lercanidipine,
e8fd0bad76dad90d549e183ad61c3ac7,letrozole,
dbf57e6f1671fe7b94a99310844f9d91,leuprorelin,
05dd2b01d39b925fda03f4a90f9d9dcb,levalbuterol,
5121472f70b92fb62f936dff889b0022,levamisole,
a2ed19b7201a25f3649c6610b81fef27,levo-carnitine,
df95f8bcce7be5b0c3dc03fc0c5b7320,levobunolol,
8b7094f073d3872067af5e6b56bcd508,levocetirizine,
3f83804c5b38df3b6937ded75e74b122,levocloperastine,
bc7f67d5628c9638876f7d8dc021350e,levodopa,
1371a9dc7f3eb4588615f24b86392df1,levodropropizine,
c57403a998732f50349110e0aa13db61,levofloxacin,
1bdf70880a5bbe3b871d45a2e0181af2,levonorgestrel,
4c15e977f9c8fa5f201f0020a862abf1,levosalbutamol,
7664e2e34e49082ca64ffdc5fa9951b7,levosimendan,
27c3ae364d8355252b8a90569a1f5546,levosulpiride,
05e8a09f794974024eae407b8b55a7f6,levothyroxine,
c83ef4669000af78b4186b47fb7594ae,lidocaine,
30c0434c465585529b09a8ce351f80f5,lidocaine/lignocaine,
e222eeca962af88e2666f5d40fa9d549,light magnesium carbonate,
30baa65656f0b26fd6055abea78eb1f3,lignocaine,
4212cc2ca23e21a83c5f138535dbf660,linagliptin,
4350c6f12999e24aaf67d3e110117d5a,lincomycin,
39be5ce84fe961105f6e6ec1e29331b6,lindane,
4c5dcf7cdd8b019672b89c4d52e36a0f,linseed oil,
907db7683695eecaecfe4d87f28384e5,lipase,
87f02e46cb9bb5eebcbde83eccc10ec3,liposomal amphotericin b,
0e2b19d0c16577d9afe1fc5d8ef43f70,liposomal dithranol,
4a2d2d8fff511b618b2a16554f175cc5,liquid paraffin,
2fb9e0f3e3e2f0fdd0aed731f7de2755,liraglutide,
b41cbfc8053b42602447930c35e7ad33,lisinopril,
1124050d060475468711091e191344ce,lithium carbonate,
acbc1b0b7b50cb5ca3cd07a5d157c15a,live attenuated varicella-zoster virus,
6048da6b8bb24055c3dcf75a5810ae0b,live freeze dried lactic acid bacteria and bifidobacteria,
e7f6656d0f9fe4239eabdccadd570cf8,liver extract,
d47a57f7980b34844460d2e9d30a73e5,liver fraction 2 derived from fresh liver 01,
1a212045ee30af62a8bc74e4247c5862,lixisenatide,
707f87fcf5b79b02d491bb06409212f9,lomustine,
3668df143afe8e16578f7c47008a6b1c,loperamide,
81c42e6cfbecbe31dce637e33a60e4c7,loratadine,
b1b9626f7e73496f3ceb131dca57fa30,lorazepam,
5914f5680ab51d2bc6d9599c9a286033,lorcaserin,
91b55e2f51aff5febb2fa79e240c3c08,lornoxicam,
7600fa75fb1f00e0e17db10135338e3f,losartan,
657f05d190e00ea94eedaab778f2e839,loteprednol etabonate,
02acf75ce2e2f76cc3350d3e2d5a46e6,lovastatin,
cee1b13b7050fa243078ab6d84dcbe0b,loxapine,
be0419bec490b738e4e779a193f7919f,lubiprostone,
0c2180f6a7c14bc778f3ec51b8055456,lumefantrine,
4b1a8af4f55d0e389c6bf8d0642e5488,lurasidone,
6efcaa011e419a5f6d477971f3dd2f01,lutropin alfa,
58778dc94264189439ec602b4a759acb,luvistin,
55836a6d5bb298106be8e3a1301243d4,lycopene,
183c564fc49647ef130a793d2fc8eb63,lysine,
0e018706503af5743a60c7007397948d,macitentan,
cdce2e4ce4237d545d3f8359e08ef775,magaldrate,
ed2a8925c61b97c80e9f78f1ff0625ac,magnesium,
8fdd1f1c3b35a5911d883e8adbaf2054,magnesium bisglycinate,
c325e8c0b72fd9f77e4f4970bbaf8c99,magnesium chloride,
5e6fa4949b598ec8b577f14b0701fffd,magnesium citrate,
9545536b7384d8a248bfe0fcaba367ce,magnesium oxide,
09e7563e4ba19aec04a45edd6f0cf7bc,magnesium sulphate,
7926acb56fa009a8b1f87a1e71a8c07e,magnesium trisilicate,
ed245f9c9594d6d780397a0e847784ae,magnesium valproate,
71c79a2e4b5a5e7fe5dcacc04f5acad6,mandelic acid,
50861e7d3006ffb2d89925d0227a8853,manganese,
2e47424bb9f05be1b41b3d9723e825e8,manganese sulphate,
397d7f54fd7b0b5920b5e6aa446269ee,mannitol,
efd9fff02a96a642e010f2f4622a3fb4,mebendazole,
349bef065298412cb2a258cf05057abf,mebeverine,
a97370de5011c49ae44dec7e7a584a2f,mecetronium,
5b5da9de0f8c279d25aa4f18d106e9c1,meclizine,
c06ed77693b026611ac2035a8d770d2b,mecobalamin,
35ec91e2b7749bdd3cb468b1825e4746,medroxyprogesterone acetate,
db9ea1ead45841ee6e1af936f76ab1a9,mefenamic acid,
1a4b05563a6864718e4b0b8062043a9c,mefloquine,
446682188b1bdccd0115e2fcc5caae3c,megestrol,
a1ae178fa1feba2157e2ad80fb8616d6,melatonin,
ffd34d697f8f690213d8bd775296c837,melitracen,
f71fab7d14f5ecd60246271de2477e93,melphalan,
78817b35263746b79687cd6c5a122f9f,memantine,
8b3492049d1b881ad083deb7e73a6a36,menadione,
a801e70b7c7f5cb15f71125f0fab1d4c,menadione sodium bisulfite,
675f6fda5f4316d2fbb506f985012e91,meningococcal vaccine,
06d2fc4969785a565f96440edfc1fc7e,menotrophin,
41233aa24074aa07b6ae71952a18ab1d,menthol,
076266b001b49fc954cc82bbeb9b2511,mepacrine,
4f114894538b9e7d958d7f49033d9860,mesalamine,
a72270d89e2487208a106710f28f2f44,mesterolone,
1fb1136f09503c48b01fda486ec168e4,metadoxine,
6664aec3edee405b8a1b441cb953635d,metamizole,
bc3687cdc22dac21967ebde2a2112ae3,metformin,
9972ad3909475a20c6473aceafbfe323,methdilazine,
26b2aa395a800c378535677fe7d0826c,methimazole,
3d2f71c3aa615f44d4f7c394b4d89d24,methionine,
934f11095e4ff4839ccf9fe8e1b3f9d9,methotrexate,
25e00c53a37712d82212bbcf7672bf39,methoxsalen,
7d32fceb70a8ef5e7cb6223a969a219d,methyl salicylate,
34e459fcf7e459b1bf592c1b83aa25c8,methylcobalamin,
a268986ff498f8078af425739b69fbdd,methylcobalamin/mecobalamin,
ccc34808af1c219081f6b6aae993cac3,methyldopa,
5f06ae121351fbbf5d8d5825e5e11fd5,methylparaben,
291caa562bec61361e7a40c3a29c9ad7,methylphenidate,
051d77523693acc25cae852c40ef6a3c,methylpolysiloxane,
f1f6eb97a272c6d02d323dec13507a9e,methylprednisolone,
5a58dcddd74dc9b0c3568dd33abf2a1b,metoclopramide,
44c7a11516c0413f5e4715e9f59b27b8,metolazone,
efb873169fa3b66621fddd0815cdf51a,metoprolol succinate,
b6105c60861f84af2fa41e71ecd3b126,metoprolol tartrate,
0cb11116884802d7678f6ec8a2c540ed,metronidazole,
e4908188bf88619a6ee709d59e68e407,mexiletine,
c30a587f1261e6e5fdae223b6c31ed7e,micafungin,
285fdd44a80c70e252ccf5c0d1b85245,miconazole,
b9b0d2ae388d4f8a387409d00d1a1493,midodrine,
f9bd8d111effa4b521d81c3f15f92b3d,miglitol,
461f3580fef16b07ec4f253ba63e9ddc,milk of magnesia,
891d213f7b6f26a79e938b90848c2a05,milnacipran,
9a549637ebfb184b6a7d65263fc5f595,milrinone,
bf27e7042740125a9682eaf94e515835,miltefosine,
c3624d6df055e755618f4b1263d64b1c,minocycline,
a3c5eb1df2a2f88f13563c794ab24df4,minodronic acid,
95d3fb4eea7220d7f53223623cf78246,minoxidil,
e26bde8a44c836d774eee41b20ef145f,mitomycin,
b8e62c14e2f6fd93276912dfc42fd30f,mitoxantrone,
269fb7aa5fa01cdfdafaed0200ec0230,mometasone,
3b3a3915e2a997bf11e49b3bd1e8e348,monobenzone,
aca76f3ea0f9e9d2409785facc4bbd56,montelukast,
c326c82ee078c91f64f649014d6e29f9,mosapride,
318804a7a85b312818efb7c7299546cf,moxifloxacin,
9ef303508a8a4aeaa8a9004fa11af1e5,moxonidine,
79955a3902f45456221737f617be317a,mucopolysaccharide polysulfate,
e2d07b5491b12b25090fe288bf933adb,mulberry extract,
145217afbaedc8d6ea3d633aaa1d4994,mupirocin,
179893d419b272a19b4d90e3b2ca1026,myo-inositol,
95a89bf33e3fcb94d4b79e8bbd87a20c,n-butyl-2-cyanoacrylate,
bdca3d554592f5b4acaf011f1474265c,nadifloxacin,
921259589ab4e22b0aee6b84ce8d7e86,nalidixic acid,
dae10453ff2e1795d1b50b5a94af1e75,nandrolone decanoate,
2061c1cb004b59b3a3bcfc1baf90e2db,naphazoline,
032a5ab10e18a7c92080bb6c7951e894,natalizumab,
9f0a610e90bba641d301475ea4a8f793,natamycin,
b225a4825efcdf16abf92d16bcd6d365,nateglinide,
e8bf4a53e4014333991eebab22805e8f,nattokinase,
242347b2d2629d74bf1c50f83fa59d85,nebivolol,
b0659b6bbea274c6815a160fbce4e77f,nefopam,
aaada4685d95f6812f63ef5bc3e4df95,neisseria meningitidis group a,
bb09e6de393e6e28b6844a2530123455,neisseria meningitidis group c,
d72268af570323c7b49e5fee8f4aaeac,neomycin,
541909928af29d8249dbd2635afd45d3,neostigmine,
257d73fcc1d3474eaf972e5f63b2e10e,niacinamide,
321965a2f5f3879897c6529c9e4b4e95,nicergoline,
1648493f33fdacc14cf0951428b340dc,niclosamide,
8c38c0f7f601584f7f83f507b87145c4,nicorandil,
69bac9968aedd9bfd3ec6764173350f7,nicotinamide,
15413d5d498e15e09dd9fa8b15b20b8e,nicotinic acid,
6449e2faa8074aff093e7bdeb00bb931,nifedipine,
f11a4fc578b46aebf507931e14ab09d1,nimesulide,
e68f1afad6d6c767cad80eb5bd6afe48,nimodipine,
c4327556a45db550bfc341d5731b1eb9,nimorazole,
afef870381ff114b0184a980881be335,nimotuzumab,
86cea4415567e960902d28e64b1b499e,nintedanib,
760afe7fdcb0ec54cc54a434f70b1218,nitazoxanide,
21a78f6c904e6ede40979045cb9815f3,nitrazepam,
d49bc87e4ca04e177b37887cd9d8404f,nitrendipine,
a06f198abc08d8c9d9e1e9eb6aec66b4,nitrofurantoin,
fa8bedbcd708fe73f0dad70cf4b8bab0,nitrofurazone,
998149b7d6effdbec2c122c9dd9c8aca,nitroprusside,
ce42bc584da51c720a4ee5b234bfa0b4,nivolumab,
db043f8bdf92c095e4539fade7563577,nizatidine,
b768ea135da1f16c28fdc34ea1f5e0ae,norepinephrine,
946f2e1c6a84149e0c4f020619249263,norethisterone,
9e0478ddf3bfe805704d126fd91e09c9,norfloxacin,
1b46b08cc40d45dca869264822b14a37,nortriptyline,
0c3a4965a13fb5d0823387df7c28cbdd,noscapine,
c0c6f915a57537504778bed973a97ab1,nystatin,
cdf97ce3715b1b20f23f2bcd7a5e6710,obeticholic acid,
f8ce38912b5411bfad980854b07e92ad,octinoxate,
8f5b626412e2e224005a584ba4045472,octreotide acetate,
f9fd071fc99fc1b1965cdb466fad0582,ofloxacin,
be86a7120b3e7e0f4ee2c7a69bc3ffec,olanzapine,
b553db9b52fc6cbf55a8c6032da81ea8,olmesartan medoxomil,
549ae4d7091ebb7f0abb7cf8372a8f1a,olopatadine,
e5f325caa3f77be3149ca5222819bd58,omega-3 fatty acid,
311a67f048af5c3100a4f72fa49bec3e,omeprazole,
8287e8165219577ea2b4c507b8c31bcd,onabotulinumtoxina,
d38c22e8ebae5efda199750b3f2d5e6b,ondansetron,
f4f64ab21557f9853b2045cc25daea88,opipramol,
25e4688817e9613869c87e13b5053626,orciprenaline,
7be02e77fbfe05077291713d2d73475c,orlistat,
943a45d0a863e2ef5e7f820defa32f8a,ornidazole,
fdedef725c2c6951f4415c8cbb24b349,ornithine,
f9ebf1876b18e0d2fbbcc72f29ea35c5,oseltamivir phosphate,
7bb6302db4b1b4ba4d3a8b3d0de7931e,osimertinib,
b20ca4864d568e31a6778738eb622c03,otilonium bromide,
3464467cc12987bbf3da9095c45786c6,oxazepam,
934b14864bf7d0563bf1e9d0fd1123bc,oxetacaine,
5d5a0129ac45f8b2946db9558c44efb4,oxychloro complex,
6023848d9b144ddc0bde36b52b7192a1,oxyfedrin,
1b0a8d515fbf22019aa5a2cb0735bac3,oxyphenbutazone,
239e527228982c689eef257d75b86645,oxyphenonium,
ab1b112e1110296cc39bde2136e29a57,oxytetracycline,
74546d3df6899b5767cca8679c21e1e1,paclitaxel,
49cfe62165221aca588304c2c127cc7c,paliperidone,
1dcc174da076b834cc635ff47b615cf2,palonosetron,
ddc73971a734efab8dce0a7d0b24f2b2,pamabrom,
610ab2253d9409638069bc0f298a8a64,pamidronate,
fccf8ae8a4a106da850521d2cefbd192,pancreatin,
11412561f323c6825159920684e322c9,pantoprazole,
a7b1d6c5b257d6d5d89836f273688393,pantothenic acid,
e3ed92c09201f9082aefc604ad61019b,papain,
61d00b2d469e5bc6eff454ae7d691f76,papaverine,
34060417eeae4622c4674a9c4100d2ed,paracetamol,
be47ddf1406a83ecd1dd3799d01635d8,paracetamol/acetaminophen,
a16c2b020f41cdd3b5add85cc802f723,paroxetine,
c05ae78ca13b7b685848c7803ae5ccfd,pazopanib,
b9b0a5688350290f61cba887c32d8d21,pegaspargase,
c79a084f4ac4dcf901b54c39a67b65a5,pegylated interferon alpha 2a,
4ee1f0eb042951e3c861d9a70d89d909,pegylated interferon alpha 2b,
a4c0ef55db122f5f5356f88049175458,pegylated recombinant human erythropoietin,
17aba281541d2d7af06072d688a3005a,pembrolizumab,
e0aa2bfe700a8fcff3620d6e0a596f13,pemetrexed,
085db116ac28cf5e45686da5129d43f8,penfluridol,
98aa72dbcdf2097da338fdffac567946,penicillamine,
70068080f13c92cc4ef2d1ed3f5218f4,penicillin,
9b962cf7aa878e27bf605e3ec92635fd,penicillin v,
d545b236f492e0da93b33fcdc2934007,pentoxifylline,
6c79cf719e2dc463e9f2808912265b92,pepsin,
17d94c39015a6b8f2cb7d6297e9c80d6,perampanel,
94300ebd5ee68304d1fb63f8b2fcbfae,perindopril erbumine,
7a580d0b70ca636b8bb447b5d411c5f6,permethrin,
f88bf529e8d55adf436027acd733d60b,pertactin,
ce7dc0edb331efba365221f7dc975717,pertussis toxoid,
f3134a6a3536425b09efb5105d5b78b8,pertuzumab,
791eedaf1e8e2a85c20fd3e2540e52eb,phenazone,
1204d809e44e58c5ba21da8566708a96,phenazopyridine,
b7639687946f23064e0f942a81369061,phenformin,
6d12f240d468a398a1ff6287f8f568f1,phenoxybenzamine,
ade7c79e85497153600b578544b12e70,phenoxyethanol,
430d5950a2850bb2d40d0d130c6cee7c,phenyl mercuric nitrate,
a74b51b040c4059a99fd0defb7f0d0f6,phenylalanine,
a84e26a7265e7b8c771b198d639d27c8,phenylephrine,
ac388d057c7b49f7f40309f37b94c557,phenylpropanolamine,
b713e96f31e5d20b11553a7c45812cc7,pholcodine,
5d08ecbf4e6f9c53118358cfb6d41e3b,phytomenadione,
9d1066f389269a0a6e4476f38b5d4f98,pilocarpine,
984ab9ada2b161e669daca3bff8ce513,pimecrolimus,
fb670ea0fd4284fd1eeb623ad11ed4e6,pimozide,
a603697e353b8ce202c02eefe2ea71de,pinaverium bromide,
5e81abe9f3d0e8640e6adf2b248030bf,pindolol,
05268443f913ebb9772ac38adf535d76,pine bark extract,
7829b4b361ffed64965739b1e7cc1436,pioglitazone,
380f732fc86d6f33cc4e0a0394e40bed,piperaquine,
186848cd35b57ba3df57e89f4cc16ca0,piperazine,
bffbc88c0f0910421f53123f75ce3f3e,piperine,
4d4f71b2c5604a09eb39032480b43c33,piracetam,
eb43142fd2bede617a8635a67469e7db,piribedil,
03215c31e1d43dd55f9f36c94c149b2d,piroctone olamine,
827306fb2712f43f883b0a3419995bef,pitavastatin,
caaf142adf4ec257f095af81ad92dd6e,podophyllum resin,
17943e19117eaeecaef92764cac27fdf,policosanol,
41c22c4f77c8e9c92291991fe65e6f8e,polidocanol,
860a0e901d0371e44e263be488846ba9,polio vaccine,
bdbbbd3d40247c0d4eb105d3b764bfc6,poliomyelitis virus type 1,
389b3638ff9cf0a4a032b106f5f07d79,poliomyelitis virus type 2,
62faed037d873f9a978045816ff3dad1,poliomyelitis virus type 3,
aab556b80619699d6ba953595e2a8276,polydimethylsiloxane,
578b7c8753e973f7d2aa21a51564e3bf,polyethylene glycol,
e69d8643954080feea5368c2c899442e,pomalidomide,
934842aeccf10acd24a29f20f3e10a67,poractant alfa,
2e5fc8a9ad9427a49a8dfdfc9d19d676,posaconazole,
b18429be5260f4b6df61758e227d9ee0,potassium chloride,
d6e282005986eedda2760f6b609a1e68,potassium citrate,
16c66b845513f3c25b98411a737b4c79,potassium dihydrogen phosphate,
192722d3db2a350e7c79acc5b4eb5699,potassium glycerophosphate,
6fc965360e50263b4f55864a9e7dc670,potassium magnesium citrate,
5e044f8e4b762ca6d1f6331c0f947362,potassium nitrate,
9f70879e68212caf717d89b68e3748a2,povidone iodine,
261a55b4cd341177b15693bfb98631a1,pramipexole,
a3c8c2e6dc78b4181d64e4b9ca1813f4,pramocaine,
0b50019879610f5c496f0994be72cd16,prasugrel,
5b649238963f70c91a96f982793bb551,pravastatin,
b8ce3d4209e7b1e519d592566f05ef61,praziquantel,
326ce001510b84b81a497cac0d490325,prazosin,
29b9339c204795df204cfe814906e528,prednisolone,
ee1b9e575d1fb256c3611a3cc10df97d,pregabalin,
870c03040125a1bbc1497dee86f83cf9,prenoxdiazine,
d16a0fd28b7ab0bee192c1570ac70d03,primaquine,
8034840a100b7663fa58e1505e0d6df8,proanthocyanidin,
b0dbfd5877c312d4c7536856ffc25f0a,probenecid,
b7114d75362af1f5c3ec56ff7cb927db,procainamide,
42b406aa7163452258b1c2c824f74314,procaine,
f20b4a0c9bf46cebeeaf030748c60bd7,procaine penicillin g,
bb702b37ac3b28af13ba2c958c419dfa,procarbazine,
4300408138148c1c5fbac27aa6fd766e,prochlorperazine,
92904635b7ee52a8ee2b932e18ed2d5d,procyclidine,
2e74682d11a4a97daaf2ac7fa101ec41,progesterone,
aa433fa61ad8c04f04990713140cfe7b,proguanil,
a13c4853956b1bbbd6993d8632e7a192,promethazine,
0b9fa357d0178a8f78af09b14b1fb73c,propafenone,
dfbf42e476ecd680a01754794880e923,propantheline,
7408d8524ce56317939a9952dd20d8ac,propranolol,
c898683101d7c0308d0533e762b2ccaa,propyl thiouracil,
89d708279e197fec68596fc46bc48c90,protease,
09b7b31f51368b87903d7ef097b92fb9,prulifloxacin,
89b5877a86509df62c1ac5aa66d2a4dd,pseudoephedrine,
f18b4540e5745f95cb72e35e481dd8ed,psoralen,
53ae7629b0048af23802ba29f6c19ec1,pyrantel pamoate,
c3b7f4a4f493dc1c02d13c360ad05189,pyridostigmine,
5e422157ff9d6c7f5aa4146741e7d913,pyridoxal-5-phasphate,
2176f078ca973bff782fbcd2bd83cf49,pyridoxamine dihydrochloride,
61e7b173936c5f6debdb6fbb6ec42e2e,pyridoxine hydrochloride,
f09b821d3306a9561bd42823915959eb,pyrimethamine,
79bcba8079c7ac4290ec95d4b31c7a81,pyritinol,
7fc285c6f20aa791827694df4847bae2,quetiapine,
338ac90f9aaed9e4306caf515e032b32,quinapril,
ae25b3162da2c3c3ccb9dc4519a9d9f4,quinidine,
5e472b7b9ba409369c8bed9b45a93425,quinine,
4e6fab0346f92d046a265c9ba7442644,quiniodochlor,
f5ce31cc56c02c32ae9f27f0f417d2b9,rabeprazole,
82371da99f2c7515db272b460903bb2a,racecadotril,
ad763c9dae7b285f7417e48bc0c29955,racemethionine,
ddc44f4f11ea283da80bbc4298de099a,ramelteon,
6c4676d32f1100476da95a0196146606,ramipril,
8b725ac4cb7cffcb57adf9d9a339c71d,ramosetron,
f6aa24cd5c3a39f736060af3b7ba2a23,ramucirumab,
83da6f920a9b4ce009e2082dff1c38e2,ranitidine,
8c4cf6e7607c4dcbb7840b2f9bef6307,ranolazine,
b0e9ca3c0296dbd9d61e291d9ccda718,rasagiline,
906b790fa6811ef5afd66c7be4bbb56d,rebamipide,
144a1308329ae11093e10f2ab69fb5d8,recombinant human erythropoietin alfa,
1c573356de3014cd3eb2e75e8d5271be,remogliflozin etabonate,
ee6aef82d41445c7c0958abae70ec0df,repaglinide,
1a52d27053ee60df57d4d1e52449ee33,reserpine,
81b744a593719c1f8cb34a02e1214c19,resveratrol,
49903a85fd2bda85dc0ef9d74a349b65,reteplase,
c1122cdd03334d038001e9f70e6d6439,revaprazan,
c2e2a9f124e064303b12730ebaebf8ca,ribavirin,
60367fccdda51e7cd5901fda4136dbf5,ribociclib,
5834afa77c3a63bbd97a934e3639b061,rifaximin,
9a27641c92c3b8f37c07af63ced02da9,riluzole,
e33b01e32bf9fc14f2078befdae5f6aa,rimonabant,
36567708b0c5f8588bd96814111017b5,ringers lactate,
5396e82765dc414159069eb470032d75,riociguat,
294ba331316bcffb3a68e20811d993f7,ripasudil,
130d0b7b2d6047d098f3149cc55f675c,risedronate,
2182fe965943f2056b7eb2cd9515bce9,risperidone,
3b3c8aa26a6da1d2b823e715d34f84f2,rituximab,
e0ec42c68686885cc176ad73b71e1d80,rivastigmine,
726e554704c4783a1f25d282bc946f1a,roflumilast,
02db894069e2e44299f41faac90aa6f4,romiplostim,
6ab23cd6eafba942a034590c114fc3fb,ropinirole,
806e86f552076c6afe32007b8debd190,rosiglitazone,
12abb2dbbfadf8947fefdf36033ec161,rosuvastatin,
6b4902b009060b045031d87001de3863,roxatidine,
1e8f16f7efc1fa9d761a63a891b08188,roxithromycin,
8fd2fbf7736f30444d9472c1c6701fb3,rutin,
ab18a5616d3d4b851b0bb38c8903c4af,rutoside,
8240bb87bd3e57f7704f611c2e5ed603,ruxolitinib,
a609cce0ab717b08c71a259440c5c66a,s-adenosyl methionine,
4efd7b2a888c822567d3e827331295c3,s-amlodipine,
b7ed972b9b72aa4ba1e8e23570b938a5,s-metoprolol succinate,
fe592d66be69883688715274c430c0bb,s-metoprolol tartrate,
c8d6ebc3b54027ffd58082d80fd471c9,saccharomyces boulardii,
e941c21933c01171dfa8607ba4157cd0,sacubitril,
302ed1a5b24653abdd31a43d67b91d7a,safinamide,
8c5445e5c24045517817bde083eab903,salbutamol,
8aa21e051b8c3acfbd5cd75c75fcd47a,salicylic acid,
509611c4c96e0ffc21bf976cd657e96c,saline,
f154bd211d6ba53c8fa7c133cb4791a7,salmeterol,
350b6d31d63f4f661d4a78801382c437,satranidazole,
283d41e071a6e28e752eed8e78bfe8c4,saxagliptin,
ae90c19b3f442e8c83e2962bbb7d3f91,selegiline,
861bd5ffd6fb5e987ca64153821de2fa,selenious acid,
8e00596ad8de2213ff8f8d8478d5362c,selenium,
beb4385c43726b99e79f6bd14f879acc,selenium sulphide,
02663bcffe37d9e39d8c75725db61e27,serratiopeptidase,
536d8aef894a6dd55bb9c6d24d59a2c2,sertaconazole,
f930ab52c6f5e3f63a416c98a8c46383,sertindole,
d602eb5a6f00ecb908a27b3f1151234d,sertraline,
d674db7613c7ef04137ad9c28d3399bb,sildenafil,
3601c43a4c636edfcbffdd72d57ed805,silver colloid,
e285557c65fa873a56869caf511be577,silver nano particles,
20e49de9e58b27fee6c7a3a5ac192108,silver nitrate,
ffe6975dfb50a9b91ba8cf8d602ccf5c,silver sulfadiazine,
0d872b096240ba454ad651420bcf7e43,silymarin,
abfae1701dfc49819814ef9e3a756097,simethicone,
6c3578f2cd9caac2a99f7a9278744cce,simvastatin,
0dd5f884d9dc5fa6d9fea8dd6125a60a,sitagliptin,
00a0454ec76d8b87a921bac5ccedbe42,sodium acid phosphate,
4260ee932f9948ba54860bc488d37d34,sodium bicarbonate,
ad5505f9050429d5e7fd08fc1a20308b,sodium chloride,
f36a0ea00ffe6e7fc2ddd4625fa54d5c,sodium citrate,
527073754f5b06e5ee9870a09aaedcb4,sodium cromoglycate,
e7c3e3739f488854e1f3563431f920fb,sodium feredetate,
93403cb3d6549ee02c97e634f26124d5,sodium fluoride,
e79e1b56d2104de88aaf2371d264f638,sodium iodide,
5b980ff32de1b7bbf571c4800dbdc2c2,sodium lactate,
bf5e051b6c49e479c67ef3f4b25e62ff,sodium metabisulphite,
953530ec63a28aa47db2082abcd1e213,sodium monofluorophosphate,
871ce5ad6b1885a3421fd5790736acd1,sodium perborate monohydrate,
fa86cd2da739a810b62ffa299c5a0793,sodium picosulfate,
a42b05ed36b824788a65ea61bac00376,sodium stibogluconate,
be16a4acc91f38a7454d721b5b1e9147,sodium tauroglycocholate,
fa2783f7dfbc2689e315b9f6d4efc41f,sodium thiosulphate,
c3a083654148250cbcf3b3720c5236e8,sodium valproate,
d7dacc23461a04db31bb72c8ed9806d6,sofalcone,
a5ff882e5de827deae4f6bd8b1cc0f47,sofosbuvir,
e536c9494f84b85c01393d345bd2b64f,somatostatin,
441268056c76a8a4d6a274f00b5411ec,somatropin,
a43f6802b7bc837851c3ee6d33acffd1,sorafenib,
3d54ac0b50816643c8603e45d4b0477b,sorbitol,
2932afa144cc4608ec9c5eee9b036b6d,sotalol,
da794638b501f3ece19fadae1cb9935d,spironolactone,
aacf171a88c21b62ce8de444eaebeeb3,stabilized oxychloro,
d7e82273277fdbd45644d35b95434e8d,stannous fluoride,
b0e46869850bde39fc10f1683fd0bd26,stanozolol,
d093508daf5c430fc0c72d8f1e271f73,streptokinase,
95ecdf0cfc8cb5008cf43c20e9be6b86,strontium ranelate,
22488612cf5e2e997ca0538ca753b197,sucralfate,
6211c1c0ca55003737f4c29306acc738,sulbutiamine,
78ed5bebd7e73383aeea28d97c54dd09,sulfadiazine,
be1f3ebfac02445579c7cef81242dede,sulfamethoxazole,
6c67c3fc2143b78cdec6429df09ad15e,sulfasalazine,
3f1b30218e639a868a9edb7a8290647b,sulfiram,
33f89e27f8a8110fe05ccde22fe2c71a,sulphacetamide,
2b366754fdbfaa6d8c65d8e20abd8779,sulphadoxine,
1f3c9ba53e23b28a905054f9d45d98dc,sulphur,
99bdc599621edb0fd0884ae5e3c8710b,sulpiride,
6e98deaba5263f0736c5affe8456aec6,tacalcitol,
e30e45783083cfa64368782277cdb863,tacrolimus,
d115286718a651dcd06cf9dfb35e2ceb,tadalafil,
0ee55497683c71543a4fe55b9a1e3078,tafluprost,
e1968616f2d22841234f8722769c9b88,tamoxifen,
974944e22748dd8dbbb6c9eb34b30bc4,tamsulosin,
89a14f7765649e0f8b65bf82e30eeff7,tannic acid,
a5bfaf045f991a32bf0faa22e5adf102,taurine,
1630fe416860cda2ec43cb2220a90252,tazarotene,
12a5af8b9b8b446a8d8e44fe91e5d2cf,tazobactum,
c6aab50ef1714d51abd1dfe5fd666e83,tegaserod,
8d701e4538054dcfc1e7cc34c7f1602b,telmisartan,
3303bb5898bc0c0c96b4a3e7898ece7b,temozolomide,
a3a4925edda457dbbeb1e170a05dae64,temsirolimus,
33e14945ea360b0c79ae7b1eb6fcf630,tenecteplase,
cbba905928cedf83327284031b46cb36,teneligliptin,
ab5e5526fdd8c66b4007a6ff646aa0e5,terazosin,
d7955927abefa5ec75b0a7b7b7291869,terbinafine,
ea3d363c1902e25fb37ecbe27d9dc878,terbutaline,
5c60b262e52a5c74cf3187377ecaedde,teriflunomide,
8e72e27852c8a54465539921267947b7,teriparatide,
a56dc2810263ff5528d36ab4b02e21f5,terpin hydrate,
e8c13f9d2ea3d65114e673a02bbb7580,testosterone,
766c24831bd2ead596303368124fe5f4,testosterone decanoate,
81ace1edc318c8d6e88e7a79575e47b6,testosterone isocaproate,
52909bc277ff1648c49bb3a6103f80a1,testosterone phenylpropionate,
a1c7f3c06aa7138e1abee11195d978bf,testosterone propionate,
df4398f999b85fa2cd898f80d4930123,tetanus immunoglobulin,
2bda34985deb3e7a64de2cee4eb833d2,tetanus toxoid,
a93c534e9776186d857f8b7613827c93,tetrabenazine,
f6285ba37afe19f7e201908567556d26,tetrachlorodecaoxygen anion,
84c6dfd565d62401f97b9fd5d41deb59,tetracycline,
0ca064b2980421f3dffe74f2d553069c,tetrahydrozoline,
beef21509ddc33cff9d4dfa3953f39ff,thalidomide,
1f01b813b0a0e5d2b7aa7c5a1c161056,theophylline,
f043afb138e4732e43b495b14069ef9c,thiamine,
75b967f3ebb9e714e04302c181ce39ad,thiamine mononitrate,
2dcaa511208ca64c65d06c0f943a8b31,thiamine nitrate,
c135f3bf0cadc833fb52986b15d3e1e1,thiomersal,
ed8ddb68b86db86869e0b62d4841b7a5,thiopental sodium,
84f31892d288b2f4e08ff3cdad0c0d7e,thioridazine,
f26848c5b2f5c977d1dab0f1db6d241e,thiotepa,
b61707cbcf5092a41fa180c2af3e9de5,thrombin,
cf99de1c25dcee8a8855969b193ccae6,thymol,
5f428ddef2139fb53341fa7371145c51,thyroxine,
02d90416fa4f1435d874353fe0e4b428,tiapride,
7b75b0197bb018d7d6ac6627b9c34172,ticagrelor,
05d665f6cf867a3332cb47ae04d863b0,ticlopidine,
9caa41a70bebf489ca030166a95aaaf7,timolol,
db0dabd1a2791a75264a25a7e344b91d,tinidazole,
6b6e10ab8b8660710b6aa3f1bee6bfce,tioconazole,
75dac01c1bea68ff3d99454b95fff282,tiotropium,
59fa5b671a33fa2569676a07dfef64a7,tirofiban,
fa78423c82bf9358e4e5d5b461926c09,tobramycin,
fa19b07e438fdcb97c7b15c1397b4c03,tocilizumab,
aeab3dd3f7468717f1551ee97b9b9a31,tocoferol,
6011ae664837d97ecde624c565ec3ec6,tofisopam,
7d7b9c5a07b57ac57f2d2577c5c73fa8,tolbutamide,
93fbadb4202ab8964bd7bc1fdae6e24c,tolnaftate,
c70f3196826e850a6889cb4c778ecf4a,topotecan,
7251f755ea987488e901d1194d567797,torasemide,
8a40a0dfa6ee6fd72c12b909a8b54e58,torsemide,
44665610578540453d8421719c13513b,trabectedin,
1a920d70579be5cf53c9eaaacafdecc9,tramadol,
ef20de029651bce90375208b4e945cb1,tranexamic acid,
094b29cee867407552635ebcaf13f8c8,trastuzumab,
e1897b3d45c7b90dc48b5669de351c70,travoprost,
23accbd54053da38e7f20d5ff921e0aa,tretinoin,
12aa7d793eb3f0cabd8e1a993a13dc43,triamcinolone,
c8bf239c0fbb5ae1cdff0b3957ab2380,triamcinolone acetonide,
d5a31a5bcb3736826d5645d513a1c9ed,triamterene,
ca87b90d508015f95fc5e6e74d28d8c5,tribasic calcium phosphate,
7aa17e2359002d073490e9b8c79a6e62,tricholine citrate,
df5d918859c4bb2a5a7c5d166e1b32ac,triclofos,
627b9a94cd9f4b3d5987eb9bc2d16c78,triclosan,
0d1ae03d3663836d7c00ce814db9d317,trifluoperazine,
7fb538a7519ab6ac2b146b529f00880e,trihexyphenidyl,
e69d1485f26dd63e224304373607d4ce,trimebutine,
83bc022b7dbb261ff5723ba0658e58a0,trimetazidine,
ca4e26ff970bdc38bd0a83d96db658b7,trioxasalen,
806604469028bc0b83e097d9ec232d66,triprolidine,
6152e937c05b5e4afcea06da246f6ce4,triptorelin,
418f93dbad58cfe34b4657d9f16cd833,trithioparamethoxy phenylpropene,
d781d1c5a3bd6ac69b8fb9a8d48b94f5,tropicamide,
88e6ad61647be5fe107cfe8844977681,troxerutin,
0753b8fc9a2fb1b4a7ea84f060de6f7e,trypsin,
52821f2544157235985263a9658734a4,trypsin chymotrypsin,
344e6fa74c0ef286490cac6432b0b702,tulobuterol,
4fc47554310cd8ff4a425f311c40f302,udenafil,
ad1e0f56e53d587cac86070f50b959c3,ulinastatin,
efadb6171ef46f862b7a3b8129cf07e9,ulipristal acetate,
62bace45eecfa0e64a972de95755d8a3,urea,
082560238a80ccc89b640aeb76bbc355,urofollitropin,
6208d4149f2c4cdd47f3d16d49d089ca,urokinase,
1e41ab9da2d21608ce3d171aa39cb430,ursodeoxycholic acid,
52de5722d9f2df3e3020af06b91fb8f8,ursodiol,
e3486a2322cc369c39c39ebcdc13c090,valacyclovir,
214efe666ac28ac9ae0ac0fd9b81e09a,valganciclovir,
c47601ed218b8c353c03d13addb5e1ad,valproic acid,
6c48ce0a4119c6834b54001e6a88500f,valsartan,
945c27f2537a1b492400a32a43e5cf73,vancomycin,
1b4909cb7d0aaa2ea0f566a61d0a536b,vardenafil,
e8aaec2890884816d4868f9d875949f7,varicella vaccine  attenuated,
21c4d7f2788123ff38b404817e3c9d7d,vasopressin,
b5a8f958310bceb07c14ae61fdba3bb5,velpatasvir,
cd584c901b56b619a03002b2f2a1ac01,venlafaxine,
a27b65d54493baae4d881e2ed35d9ebf,verapamil,
0cf0f03b0e4fcf8a0933d166c0dbe690,vildagliptin,
00611fe52fe1ca41a6d0fe8661bd2798,vinblastine,
f345212191876393f988c89f314b2c09,vincristine,
608b115daad490308cf8aac9d90faaab,vinorelbine,
a88ed621b68730d08b2c5f67ce8cd97c,vinpocetine,
63d41e0f1ce4a86ac8d19f893d0b4e9c,vit b12,
9a5c86ec59e718075a3c1cbd602022a9,vitamin a,
667791d36eebf14a00976bd98a17107e,vitamin b,
f7c386ec212f4788554ab9ca88aa9823,vitamin b12,
308ca5cb21003f1ea3dc0897aee884b5,vitamin b2,
43db4d7fdcc41ed76db509f37ae6692f,vitamin b3,
a2bcf13bc84f5d301ba5104c47bef933,vitamin b6,
e323ecaff75098088188d324bbe776f1,vitamin c,
da80118d5dad4c3ed0479bc52b9543c0,vitamin d,
a08ea43df3ed297a603c2023f091e33c,vitamin d3,
ec3e6cabc6e09db0c5727caffc227277,vitamin e,
9123533688d42dac4fe8b8d62dc933ee,vitamin k,
9621b8c9f584ce967b35b163ca956c23,vitamin k2-7,
36ec5f25c28ff67ee3048b4ecf3af116,vitamin mk,
cd65101517dca4c2abc52fd11b219718,voglibose,
a2d91e093ece9c0d3351fd31285a05ea,voriconazole,
e18555c1664d4d8f461715b8d99b2482,xantinol nicotinate,
0c0da09dfebff8bb1e2c36dea20654b1,xipamide,
337dbaa09ef7979763682058e7e524b7,xylitol,
5f1521d5b4361f2394155461e386cefc,yellow fever virus,
8412123813593ac1cb8f3784f9e48ce3,zaleplon,
1a1f55b97a015141ab21dbb6b8047ffd,zaltoprofen,
145dee00f81fab1ddc7aae6d51850165,zinc,
f2197d888348335ea8f62edff2850a89,zinc acetate,
0e0049ab310bff5f8c3cedb3e5885b7f,zinc bisglycinate,
46bcc8ad26a0d85eeb4fe70584860d93,zinc carnosine,
52a1a9a7dad5a9daa33e16c690d923f5,zinc chloride,
a56ca0c66058466d57a553dd48c18659,zinc gluconate,
1d4dfbab1c12dac30d83d9f553d37d90,zinc oxide,
a458e9f6dc3834f55dcad58142825d3b,zinc pyrithione,
bda28b9df599cb43010619e94a4e4d69,zinc sulfate,
7301d67867021c79188a1f8784497dd8,zinc sulphate monohydrate,
afbf494dfd736e78194c1320d0e0370a,ziprasidone,
02806410a685f8c785f92a12d38e6feb,zoledronic acid,
f8095ce4578812ae0b2e0596bc8d1de9,zolpidem,
e4342a8a0cac84e3b29f0f27758320d5,zopiclone,
2c23a061bab9c9cc1c3f07efd2ffc359,zotepine,
1fd27f50bde326ef23b40f7e0776107e,zuclopenthixol,
