src_type,src_id,dst_type,dst_id,relation_strength,relation_polarity,relation_type
Symptom,471b990a-a65c-11eb-8d02-1e003a340630,Symptom,478c4d44-a65c-11eb-8d02-1e003a340630,,,same_as
Symptom,471bbe26-a65c-11eb-8d02-1e003a340630,Symptom,478c6108-a65c-11eb-8d02-1e003a340630,,,same_as
Symptom,4727c36a-a65c-11eb-8d02-1e003a340630,Symptom,474b47f4-a65c-11eb-8d02-1e003a340630,,,same_as
Symptom,351abab8-b7a2-11eb-86ef-1e003a340631,Symptom,34412b70-b416-11eb-8c69-1e003a340631,,,same_as
Symptom,351ab4f0-b7a2-11eb-86ef-1e003a340631,Symptom,344127ba-b416-11eb-8c69-1e003a340631,,,same_as
Symptom,351ab7e8-b7a2-11eb-86ef-1e003a340631,Symptom,34412986-b416-11eb-8c69-1e003a340631,,,same_as
Symptom,473e2196-a65c-11eb-8d02-1e003a340630,Symptom,473e49b4-a65c-11eb-8d02-1e003a340630,,,same_as
Symptom,473e49b4-a65c-11eb-8d02-1e003a340630,Symptom,473e2196-a65c-11eb-8d02-1e003a340630,,,same_as
Symptom,479598ae-a65c-11eb-8d02-1e003a340630,Symptom,34409052-b416-11eb-8c69-1e003a340631,,,same_as
Symptom,54db2674-bd53-11eb-9527-1e003a340631,Symptom,47318cce-a65c-11eb-8d02-1e003a340630,,,same_as
Symptom,4740455c-a65c-11eb-8d02-1e003a340630,Symptom,1fd2eb22-af36-11eb-8fc3-1e003a340631,,,same_as
Symptom,479b7a44-a65c-11eb-8d02-1e003a340630,Symptom,d3166597-70c3-4e24-8b00-9706379b2e62,,,same_as
Symptom,47374d12-a65c-11eb-8d02-1e003a340630,Symptom,1fd2eb22-af36-11eb-8fc3-1e003a340631,,,same_as
Symptom,4e3247a7-e575-4169-b4ac-02646e78b9e5,Symptom,8f666478-b97c-11eb-8741-1e003a340631,,,similar_to
Symptom,d3166597-70c3-4e24-8b00-9706379b2e62,Symptom,479b7a44-a65c-11eb-8d02-1e003a340630,,,same_as
Symptom,479f2e78-a65c-11eb-8d02-1e003a340630,Symptom,e2f1d542-d456-11eb-a77f-1e003a340630,,,similar_to
Symptom,e2f1d542-d456-11eb-a77f-1e003a340630,Symptom,479f2e78-a65c-11eb-8d02-1e003a340630,,,similar_to
Symptom,476e109a-a65c-11eb-8d02-1e003a340630,Symptom,34409052-b416-11eb-8c69-1e003a340631,,,same_as
Symptom,474171fc-a65c-11eb-8d02-1e003a340630,Symptom,4773639c-a65c-11eb-8d02-1e003a340630,,,same_as
Symptom,4741997a-a65c-11eb-8d02-1e003a340630,Symptom,1fd31e62-af36-11eb-8fc3-1e003a340631,,,same_as
Symptom,4745c8d8-a65c-11eb-8d02-1e003a340630,Symptom,47760d5e-a65c-11eb-8d02-1e003a340630,,,same_as
Symptom,4746193c-a65c-11eb-8d02-1e003a340630,Symptom,479a0196-a65c-11eb-8d02-1e003a340630,,,same_as
Symptom,4732f104-a65c-11eb-8d02-1e003a340630,Symptom,34409052-b416-11eb-8c69-1e003a340631,,,same_as
Symptom,472603f4-a65c-11eb-8d02-1e003a340630,Symptom,4784be1c-a65c-11eb-8d02-1e003a340630,,,same_as
Symptom,47514d02-a65c-11eb-8d02-1e003a340630,Symptom,47a2ceb6-a65c-11eb-8d02-1e003a340630,,,same_as
Symptom,4751746c-a65c-11eb-8d02-1e003a340630,Symptom,477160ba-a65c-11eb-8d02-1e003a340630,,,similar_to
Symptom,0e728587-77c0-44df-9591-4e0a1594808a,Symptom,8f669a1a-b97c-11eb-8741-1e003a340631,,,similar_to
Symptom,475d1b0a-a65c-11eb-8d02-1e003a340630,Symptom,aac6ea51-3995-4693-a3b1-805b969bd28e,,,similar_to
Symptom,47472e8a-a65c-11eb-8d02-1e003a340630,Symptom,475b68f0-a65c-11eb-8d02-1e003a340630,,,same_as
Symptom,1fd66a54-af36-11eb-8fc3-1e003a340631,Symptom,4788d40c-a65c-11eb-8d02-1e003a340630,,,similar_to
Symptom,472a941e-a65c-11eb-8d02-1e003a340630,Symptom,478aae6c-a65c-11eb-8d02-1e003a340630,,,same_as
Symptom,472a6c5a-a65c-11eb-8d02-1e003a340630,Symptom,474ee94a-a65c-11eb-8d02-1e003a340630,,,same_as
Symptom,472a4478-a65c-11eb-8d02-1e003a340630,Symptom,4750882c-a65c-11eb-8d02-1e003a340630,,,same_as
Symptom,472a586e-a65c-11eb-8d02-1e003a340630,Symptom,474d5e90-a65c-11eb-8d02-1e003a340630,,,same_as
Symptom,472a8032-a65c-11eb-8d02-1e003a340630,Symptom,4751fe78-a65c-11eb-8d02-1e003a340630,,,same_as
Symptom,472a08fa-a65c-11eb-8d02-1e003a340630,Symptom,47666980-a65c-11eb-8d02-1e003a340630,,,same_as
Symptom,4729ccc8-a65c-11eb-8d02-1e003a340630,Symptom,47618474-a65c-11eb-8d02-1e003a340630,,,same_as
Symptom,472a1cdc-a65c-11eb-8d02-1e003a340630,Symptom,47681834-a65c-11eb-8d02-1e003a340630,,,same_as
Symptom,4729e082-a65c-11eb-8d02-1e003a340630,Symptom,476311ae-a65c-11eb-8d02-1e003a340630,,,same_as
Symptom,4729f45a-a65c-11eb-8d02-1e003a340630,Symptom,4764b3d8-a65c-11eb-8d02-1e003a340630,,,same_as
Symptom,474e37ac-a65c-11eb-8d02-1e003a340630,Symptom,47a3e364-a65c-11eb-8d02-1e003a340630,,,same_as
Symptom,7987f094-f8ad-4f21-ad1e-07a94e6a4bd1,Symptom,1fd516a4-af36-11eb-8fc3-1e003a340631,,,same_as
Symptom,1fd516a4-af36-11eb-8fc3-1e003a340631,Symptom,7987f094-f8ad-4f21-ad1e-07a94e6a4bd1,,,same_as
Symptom,62a500df-d0fc-453b-a770-856634aaaa8d,Symptom,4792e474-a65c-11eb-8d02-1e003a340630,,,same_as
Symptom,477111fa-a65c-11eb-8d02-1e003a340630,Symptom,4793bd72-a65c-11eb-8d02-1e003a340630,,,same_as
Symptom,47428736-a65c-11eb-8d02-1e003a340630,Symptom,4789c178-a65c-11eb-8d02-1e003a340630,,,same_as
Symptom,476ce88c-a65c-11eb-8d02-1e003a340630,Symptom,34409052-b416-11eb-8c69-1e003a340631,,,same_as
Symptom,47623716-a65c-11eb-8d02-1e003a340630,Symptom,478682ce-a65c-11eb-8d02-1e003a340630,,,same_as
Symptom,472c0d62-a65c-11eb-8d02-1e003a340630,Symptom,474ee94a-a65c-11eb-8d02-1e003a340630,,,same_as
Symptom,472bbe34-a65c-11eb-8d02-1e003a340630,Symptom,47534f9e-a65c-11eb-8d02-1e003a340630,,,same_as
Symptom,472bd216-a65c-11eb-8d02-1e003a340630,Symptom,4756a022-a65c-11eb-8d02-1e003a340630,,,same_as
Symptom,472be5d0-a65c-11eb-8d02-1e003a340630,Symptom,4750882c-a65c-11eb-8d02-1e003a340630,,,similar_to
Symptom,472bf98a-a65c-11eb-8d02-1e003a340630,Symptom,474d5e90-a65c-11eb-8d02-1e003a340630,,,same_as
Symptom,472baa5c-a65c-11eb-8d02-1e003a340630,Symptom,4754da94-a65c-11eb-8d02-1e003a340630,,,same_as
Symptom,472c2112-a65c-11eb-8d02-1e003a340630,Symptom,4751fe78-a65c-11eb-8d02-1e003a340630,,,same_as
Symptom,472e9c9e-a65c-11eb-8d02-1e003a340630,Symptom,47666980-a65c-11eb-8d02-1e003a340630,,,same_as
Symptom,472e7408-a65c-11eb-8d02-1e003a340630,Symptom,47618474-a65c-11eb-8d02-1e003a340630,,,same_as
Symptom,472e4c08-a65c-11eb-8d02-1e003a340630,Symptom,478b10f0-a65c-11eb-8d02-1e003a340630,,,same_as
Symptom,472eb094-a65c-11eb-8d02-1e003a340630,Symptom,47681834-a65c-11eb-8d02-1e003a340630,,,same_as
Symptom,472e6044-a65c-11eb-8d02-1e003a340630,Symptom,476311ae-a65c-11eb-8d02-1e003a340630,,,same_as
Symptom,472e88da-a65c-11eb-8d02-1e003a340630,Symptom,4764b3d8-a65c-11eb-8d02-1e003a340630,,,same_as
Symptom,aac6ea51-3995-4693-a3b1-805b969bd28e,Symptom,475d1b0a-a65c-11eb-8d02-1e003a340630,,,similar_to
Symptom,4768dfd0-a65c-11eb-8d02-1e003a340630,Symptom,4791a6fe-a65c-11eb-8d02-1e003a340630,,,same_as
Symptom,4755eeac-a65c-11eb-8d02-1e003a340630,Symptom,477160ba-a65c-11eb-8d02-1e003a340630,,,similar_to
Symptom,473c2a8a-a65c-11eb-8d02-1e003a340630,Symptom,477ac39e-a65c-11eb-8d02-1e003a340630,,,similar_to
Symptom,47882228-a65c-11eb-8d02-1e003a340630,Symptom,47876f90-a65c-11eb-8d02-1e003a340630,,,similar_to
Symptom,4738b724-a65c-11eb-8d02-1e003a340630,Symptom,47483014-a65c-11eb-8d02-1e003a340630,,,same_as
Symptom,47876f90-a65c-11eb-8d02-1e003a340630,Symptom,47882228-a65c-11eb-8d02-1e003a340630,,,similar_to
Symptom,47945bce-a65c-11eb-8d02-1e003a340630,Symptom,1fd32f60-af36-11eb-8fc3-1e003a340631,,,similar_to
Symptom,47172c6c-a65c-11eb-8d02-1e003a340630,Symptom,478b4be2-a65c-11eb-8d02-1e003a340630,,,parent_child
Symptom,47172c6c-a65c-11eb-8d02-1e003a340630,Symptom,47474230-a65c-11eb-8d02-1e003a340630,,,parent_child
Symptom,47172c6c-a65c-11eb-8d02-1e003a340630,Symptom,476ae50a-a65c-11eb-8d02-1e003a340630,,,parent_child
Symptom,06c25c5b-dbf4-41e8-bb82-85005432a3a9,Symptom,e77ba3ca-d525-4630-927a-ec9b1253f4ba,,,parent_child
Symptom,06c25c5b-dbf4-41e8-bb82-85005432a3a9,Symptom,1fd4e972-af36-11eb-8fc3-1e003a340631,,,parent_child
Symptom,47801f1a-a65c-11eb-8d02-1e003a340630,Symptom,0ad1a15a-252e-11ec-832a-1e003a340631,,,parent_child
Symptom,47801f1a-a65c-11eb-8d02-1e003a340630,Symptom,477d40c4-a65c-11eb-8d02-1e003a340630,,,parent_child
Symptom,47801f1a-a65c-11eb-8d02-1e003a340630,Symptom,0ad1edb8-252e-11ec-832a-1e003a340631,,,parent_child
Symptom,47600c02-a65c-11eb-8d02-1e003a340630,Symptom,47610d32-a65c-11eb-8d02-1e003a340630,,,parent_child
Symptom,e2f2a7ce-d456-11eb-a77f-1e003a340630,Symptom,473f9e54-a65c-11eb-8d02-1e003a340630,,,parent_child
Symptom,e2f2a7ce-d456-11eb-a77f-1e003a340630,Symptom,4736971e-a65c-11eb-8d02-1e003a340630,,,parent_child
Symptom,4759a308-a65c-11eb-8d02-1e003a340630,Symptom,478433e8-a65c-11eb-8d02-1e003a340630,,,parent_child
Symptom,4759a308-a65c-11eb-8d02-1e003a340630,Symptom,477ca16e-a65c-11eb-8d02-1e003a340630,,,parent_child
Symptom,4726f7fa-a65c-11eb-8d02-1e003a340630,Symptom,4781bca8-a65c-11eb-8d02-1e003a340630,,,parent_child
Symptom,4726f7fa-a65c-11eb-8d02-1e003a340630,Symptom,474b47f4-a65c-11eb-8d02-1e003a340630,,,parent_child
Symptom,477f6d2c-a65c-11eb-8d02-1e003a340630,Symptom,1fd2a3f6-af36-11eb-8fc3-1e003a340631,,,parent_child
Symptom,477f6d2c-a65c-11eb-8d02-1e003a340630,Symptom,4785be52-a65c-11eb-8d02-1e003a340630,,,parent_child
Symptom,477f6d2c-a65c-11eb-8d02-1e003a340630,Symptom,47610d32-a65c-11eb-8d02-1e003a340630,,,parent_child
Symptom,477f6d2c-a65c-11eb-8d02-1e003a340630,Symptom,478534be-a65c-11eb-8d02-1e003a340630,,,parent_child
Symptom,477f6d2c-a65c-11eb-8d02-1e003a340630,Symptom,47840c92-a65c-11eb-8d02-1e003a340630,,,parent_child
Symptom,477f6d2c-a65c-11eb-8d02-1e003a340630,Symptom,1fd6c058-af36-11eb-8fc3-1e003a340631,,,parent_child
Symptom,477f6d2c-a65c-11eb-8d02-1e003a340630,Symptom,475ee34a-a65c-11eb-8d02-1e003a340630,,,parent_child
Symptom,477f6d2c-a65c-11eb-8d02-1e003a340630,Symptom,477bff3e-a65c-11eb-8d02-1e003a340630,,,parent_child
Symptom,477f6d2c-a65c-11eb-8d02-1e003a340630,Symptom,479aee30-a65c-11eb-8d02-1e003a340630,,,parent_child
Symptom,477f6d2c-a65c-11eb-8d02-1e003a340630,Symptom,47600c02-a65c-11eb-8d02-1e003a340630,,,parent_child
Symptom,477f6d2c-a65c-11eb-8d02-1e003a340630,Symptom,1fd2eb22-af36-11eb-8fc3-1e003a340631,,,parent_child
Symptom,477f6d2c-a65c-11eb-8d02-1e003a340630,Symptom,4786f966-a65c-11eb-8d02-1e003a340630,,,parent_child
Symptom,1fd3d6b8-af36-11eb-8fc3-1e003a340631,Symptom,134e2fab-516e-468c-a68c-fe2d1b6226d7,,,parent_child
Symptom,bd9466b8-0f0a-445d-b676-199e5f0e9f61,Symptom,477ea6ee-a65c-11eb-8d02-1e003a340630,,,parent_child
Symptom,bd9466b8-0f0a-445d-b676-199e5f0e9f61,Symptom,4781bca8-a65c-11eb-8d02-1e003a340630,,,parent_child
Symptom,bd9466b8-0f0a-445d-b676-199e5f0e9f61,Symptom,4779255c-a65c-11eb-8d02-1e003a340630,,,parent_child
Symptom,4722e7c8-a65c-11eb-8d02-1e003a340630,Symptom,473e86f4-a65c-11eb-8d02-1e003a340630,,,parent_child
Symptom,4722e7c8-a65c-11eb-8d02-1e003a340630,Symptom,4779255c-a65c-11eb-8d02-1e003a340630,,,parent_child
Symptom,477d691e-a65c-11eb-8d02-1e003a340630,Symptom,477c133e-a65c-11eb-8d02-1e003a340630,,,parent_child
Symptom,a55481f9-6da3-480a-9cbe-af741287d5bf,Symptom,4791a6fe-a65c-11eb-8d02-1e003a340630,,,parent_child
Symptom,478682ce-a65c-11eb-8d02-1e003a340630,Symptom,083c4e20-693d-4d07-b005-8822d5731af1,,,parent_child
Symptom,478682ce-a65c-11eb-8d02-1e003a340630,Symptom,9d2dcfef-dbb5-447c-898e-128ee0dd8e31,,,parent_child
Symptom,473569ac-a65c-11eb-8d02-1e003a340630,Symptom,4743b0ca-a65c-11eb-8d02-1e003a340630,,,parent_child
Symptom,477f9464-a65c-11eb-8d02-1e003a340630,Symptom,1fd4990e-af36-11eb-8fc3-1e003a340631,,,parent_child
Symptom,4744c6c2-a65c-11eb-8d02-1e003a340630,Symptom,47760d5e-a65c-11eb-8d02-1e003a340630,,,parent_child
Symptom,473914a8-a65c-11eb-8d02-1e003a340630,Symptom,4759b6d6-a65c-11eb-8d02-1e003a340630,,,parent_child
Symptom,477d2d0a-a65c-11eb-8d02-1e003a340630,Symptom,4786d1b6-a65c-11eb-8d02-1e003a340630,,,parent_child
Symptom,4756a022-a65c-11eb-8d02-1e003a340630,Symptom,477f45cc-a65c-11eb-8d02-1e003a340630,,,parent_child
Symptom,4756a022-a65c-11eb-8d02-1e003a340630,Symptom,477ea6ee-a65c-11eb-8d02-1e003a340630,,,parent_child
Symptom,4756a022-a65c-11eb-8d02-1e003a340630,Symptom,4751fe78-a65c-11eb-8d02-1e003a340630,,,parent_child
Symptom,3e89efe8-835d-4b4e-8ab0-8827e18ec74c,Symptom,e2f29fae-d456-11eb-a77f-1e003a340630,,,parent_child
Symptom,3e89efe8-835d-4b4e-8ab0-8827e18ec74c,Symptom,479df314-a65c-11eb-8d02-1e003a340630,,,parent_child
Symptom,3e89efe8-835d-4b4e-8ab0-8827e18ec74c,Symptom,479875ba-a65c-11eb-8d02-1e003a340630,,,parent_child
Symptom,477886ec-a65c-11eb-8d02-1e003a340630,Symptom,6482c785-e3b8-47a5-a13d-81b5e7e7d6df,,,parent_child
Symptom,478b10f0-a65c-11eb-8d02-1e003a340630,Symptom,47618474-a65c-11eb-8d02-1e003a340630,,,parent_child
Symptom,478b10f0-a65c-11eb-8d02-1e003a340630,Symptom,476311ae-a65c-11eb-8d02-1e003a340630,,,parent_child
Symptom,1fd4881a-af36-11eb-8fc3-1e003a340631,Symptom,e2f2d8e8-d456-11eb-a77f-1e003a340630,,,parent_child
Symptom,475fbd2e-a65c-11eb-8d02-1e003a340630,Symptom,47856fba-a65c-11eb-8d02-1e003a340630,,,parent_child
Symptom,475fbd2e-a65c-11eb-8d02-1e003a340630,Symptom,212d6c3b-54e8-45ed-adbb-5a60f5e83b0c,,,parent_child
Symptom,0ad18e7c-252e-11ec-832a-1e003a340631,Symptom,477bd7c0-a65c-11eb-8d02-1e003a340630,,,parent_child
Symptom,47830c84-a65c-11eb-8d02-1e003a340630,Symptom,34409052-b416-11eb-8c69-1e003a340631,,,parent_child
Symptom,47830c84-a65c-11eb-8d02-1e003a340630,Symptom,1fd58404-af36-11eb-8fc3-1e003a340631,,,parent_child
Symptom,47830c84-a65c-11eb-8d02-1e003a340630,Symptom,e2f2a4d6-d456-11eb-a77f-1e003a340630,,,parent_child
Symptom,47830c84-a65c-11eb-8d02-1e003a340630,Symptom,e2f2aa12-d456-11eb-a77f-1e003a340630,,,parent_child
Symptom,4728ddae-a65c-11eb-8d02-1e003a340630,Symptom,4750882c-a65c-11eb-8d02-1e003a340630,,,parent_child
Symptom,478f9f58-a65c-11eb-8d02-1e003a340630,Symptom,e2f2cb64-d456-11eb-a77f-1e003a340630,,,parent_child
Symptom,47965ed8-a65c-11eb-8d02-1e003a340630,Symptom,47863436-a65c-11eb-8d02-1e003a340630,,,parent_child
Symptom,47a7d280-a65c-11eb-8d02-1e003a340630,Symptom,0e62ddd6-0ee2-425a-a3ae-d06ad25b3d46,,,parent_child
Symptom,47a7d280-a65c-11eb-8d02-1e003a340630,Symptom,1fd3a54e-af36-11eb-8fc3-1e003a340631,,,parent_child
Symptom,47a7d280-a65c-11eb-8d02-1e003a340630,Symptom,10cfe36f-241a-41f3-aa72-30fe5d5a6992,,,parent_child
Symptom,dd3b530c-7c56-49fc-b0e6-5553b0722abf,Symptom,4792e474-a65c-11eb-8d02-1e003a340630,,,parent_child
Symptom,4771d702-a65c-11eb-8d02-1e003a340630,Symptom,478d7552-a65c-11eb-8d02-1e003a340630,,,parent_child
Symptom,4771d702-a65c-11eb-8d02-1e003a340630,Symptom,47979b9a-a65c-11eb-8d02-1e003a340630,,,parent_child
Symptom,47856fba-a65c-11eb-8d02-1e003a340630,Symptom,212d6c3b-54e8-45ed-adbb-5a60f5e83b0c,,,parent_child
Symptom,475b68f0-a65c-11eb-8d02-1e003a340630,Symptom,4774bc7e-a65c-11eb-8d02-1e003a340630,,,parent_child
Symptom,475b68f0-a65c-11eb-8d02-1e003a340630,Symptom,477bd7c0-a65c-11eb-8d02-1e003a340630,,,parent_child
Symptom,475fa97e-a65c-11eb-8d02-1e003a340630,Symptom,4760e596-a65c-11eb-8d02-1e003a340630,,,parent_child
Symptom,477a4cb6-a65c-11eb-8d02-1e003a340630,Symptom,477d691e-a65c-11eb-8d02-1e003a340630,,,parent_child
Symptom,477a4cb6-a65c-11eb-8d02-1e003a340630,Symptom,477c133e-a65c-11eb-8d02-1e003a340630,,,parent_child
Symptom,47483014-a65c-11eb-8d02-1e003a340630,Symptom,47893780-a65c-11eb-8d02-1e003a340630,,,parent_child
Symptom,474224b2-a65c-11eb-8d02-1e003a340630,Symptom,473b48a4-a65c-11eb-8d02-1e003a340630,,,parent_child
Symptom,474224b2-a65c-11eb-8d02-1e003a340630,Symptom,47743218-a65c-11eb-8d02-1e003a340630,,,parent_child
Symptom,477c3b2a-a65c-11eb-8d02-1e003a340630,Symptom,4783f8c4-a65c-11eb-8d02-1e003a340630,,,parent_child
Symptom,477c3b2a-a65c-11eb-8d02-1e003a340630,Symptom,1fd52554-af36-11eb-8fc3-1e003a340631,,,parent_child
Symptom,477c3b2a-a65c-11eb-8d02-1e003a340630,Symptom,4789addc-a65c-11eb-8d02-1e003a340630,,,parent_child
Symptom,73e12cf4-abca-48cd-b60d-d2cc5b5f9425,Symptom,47a7ab20-a65c-11eb-8d02-1e003a340630,,,parent_child
Symptom,73e12cf4-abca-48cd-b60d-d2cc5b5f9425,Symptom,e2f28384-d456-11eb-a77f-1e003a340630,,,parent_child
Symptom,73e12cf4-abca-48cd-b60d-d2cc5b5f9425,Symptom,8f66d0fc-b97c-11eb-8741-1e003a340631,,,parent_child
Symptom,73e12cf4-abca-48cd-b60d-d2cc5b5f9425,Symptom,47965ed8-a65c-11eb-8d02-1e003a340630,,,parent_child
Symptom,73e12cf4-abca-48cd-b60d-d2cc5b5f9425,Symptom,479eb880-a65c-11eb-8d02-1e003a340630,,,parent_child
Symptom,73e12cf4-abca-48cd-b60d-d2cc5b5f9425,Symptom,47835b30-a65c-11eb-8d02-1e003a340630,,,parent_child
Symptom,73e12cf4-abca-48cd-b60d-d2cc5b5f9425,Symptom,47863436-a65c-11eb-8d02-1e003a340630,,,parent_child
Symptom,476c72c6-a65c-11eb-8d02-1e003a340630,Symptom,e2f292d4-d456-11eb-a77f-1e003a340630,,,parent_child
Symptom,477ff7a6-a65c-11eb-8d02-1e003a340630,Symptom,e2f29b44-d456-11eb-a77f-1e003a340630,,,parent_child
Symptom,472b1fe2-a65c-11eb-8d02-1e003a340630,Symptom,477f45cc-a65c-11eb-8d02-1e003a340630,,,parent_child
Symptom,472b1fe2-a65c-11eb-8d02-1e003a340630,Symptom,477ea6ee-a65c-11eb-8d02-1e003a340630,,,parent_child
Symptom,472b1fe2-a65c-11eb-8d02-1e003a340630,Symptom,474d5e90-a65c-11eb-8d02-1e003a340630,,,parent_child
Symptom,472b1fe2-a65c-11eb-8d02-1e003a340630,Symptom,4781bca8-a65c-11eb-8d02-1e003a340630,,,parent_child
Symptom,472b1fe2-a65c-11eb-8d02-1e003a340630,Symptom,4756a022-a65c-11eb-8d02-1e003a340630,,,parent_child
Symptom,472b1fe2-a65c-11eb-8d02-1e003a340630,Symptom,4750882c-a65c-11eb-8d02-1e003a340630,,,parent_child
Symptom,472b1fe2-a65c-11eb-8d02-1e003a340630,Symptom,4754da94-a65c-11eb-8d02-1e003a340630,,,parent_child
Symptom,472b1fe2-a65c-11eb-8d02-1e003a340630,Symptom,474ee94a-a65c-11eb-8d02-1e003a340630,,,parent_child
Symptom,472b1fe2-a65c-11eb-8d02-1e003a340630,Symptom,4782bdf6-a65c-11eb-8d02-1e003a340630,,,parent_child
Symptom,472b1fe2-a65c-11eb-8d02-1e003a340630,Symptom,4751fe78-a65c-11eb-8d02-1e003a340630,,,parent_child
Symptom,472b1fe2-a65c-11eb-8d02-1e003a340630,Symptom,47534f9e-a65c-11eb-8d02-1e003a340630,,,parent_child
Symptom,47829650-a65c-11eb-8d02-1e003a340630,Symptom,eb13fdcc-1044-409c-9c4e-b802302148b0,,,parent_child
Symptom,472d9a7e-a65c-11eb-8d02-1e003a340630,Symptom,47618474-a65c-11eb-8d02-1e003a340630,,,parent_child
Symptom,472d9a7e-a65c-11eb-8d02-1e003a340630,Symptom,47681834-a65c-11eb-8d02-1e003a340630,,,parent_child
Symptom,472d9a7e-a65c-11eb-8d02-1e003a340630,Symptom,478b10f0-a65c-11eb-8d02-1e003a340630,,,parent_child
Symptom,472d9a7e-a65c-11eb-8d02-1e003a340630,Symptom,4764b3d8-a65c-11eb-8d02-1e003a340630,,,parent_child
Symptom,472d9a7e-a65c-11eb-8d02-1e003a340630,Symptom,47666980-a65c-11eb-8d02-1e003a340630,,,parent_child
Symptom,472d9a7e-a65c-11eb-8d02-1e003a340630,Symptom,476311ae-a65c-11eb-8d02-1e003a340630,,,parent_child
Symptom,472d9a7e-a65c-11eb-8d02-1e003a340630,Symptom,478b2482-a65c-11eb-8d02-1e003a340630,,,parent_child
Symptom,472d9a7e-a65c-11eb-8d02-1e003a340630,Symptom,478b3832-a65c-11eb-8d02-1e003a340630,,,parent_child
Symptom,472d9a7e-a65c-11eb-8d02-1e003a340630,Symptom,a6ee9ca6-a581-4eeb-b555-80569ab99f8d,,,parent_child
Symptom,478032ac-a65c-11eb-8d02-1e003a340630,Symptom,d7916985-f41d-4e97-9a27-b46a3e469006,,,parent_child
Symptom,478032ac-a65c-11eb-8d02-1e003a340630,Symptom,4759cae0-a65c-11eb-8d02-1e003a340630,,,parent_child
Symptom,e2f2a06c-d456-11eb-a77f-1e003a340630,Symptom,0536a3f9-9bb9-449c-95a4-2875ae998aa7,,,parent_child
Symptom,47587b0e-a65c-11eb-8d02-1e003a340630,Symptom,476e870a-a65c-11eb-8d02-1e003a340630,,,parent_child
Symptom,47681834-a65c-11eb-8d02-1e003a340630,Symptom,a6ee9ca6-a581-4eeb-b555-80569ab99f8d,,,parent_child
Symptom,bfe8d512-7338-4732-9e6a-8cc60bc10402,Symptom,1fd3c632-af36-11eb-8fc3-1e003a340631,,,parent_child
Symptom,bfe8d512-7338-4732-9e6a-8cc60bc10402,Symptom,93f8765b-86ef-4d6c-ac51-e634fa982c4b,,,parent_child
Symptom,bfe8d512-7338-4732-9e6a-8cc60bc10402,Symptom,1fd3f684-af36-11eb-8fc3-1e003a340631,,,parent_child
Symptom,bfe8d512-7338-4732-9e6a-8cc60bc10402,Symptom,e2f1e1fe-d456-11eb-a77f-1e003a340630,,,parent_child
Symptom,bfe8d512-7338-4732-9e6a-8cc60bc10402,Symptom,1fd6d8e0-af36-11eb-8fc3-1e003a340631,,,parent_child
Symptom,bfe8d512-7338-4732-9e6a-8cc60bc10402,Symptom,34410c44-b416-11eb-8c69-1e003a340631,,,parent_child
Symptom,bfe8d512-7338-4732-9e6a-8cc60bc10402,Symptom,f3db10d9-48b6-4a1e-9b0b-5b1f3ddbf7f3,,,parent_child
Symptom,bfe8d512-7338-4732-9e6a-8cc60bc10402,Symptom,0ad18fee-252e-11ec-832a-1e003a340631,,,parent_child
Symptom,bfe8d512-7338-4732-9e6a-8cc60bc10402,Symptom,134e2fab-516e-468c-a68c-fe2d1b6226d7,,,parent_child
Symptom,bfe8d512-7338-4732-9e6a-8cc60bc10402,Symptom,1fd3d6b8-af36-11eb-8fc3-1e003a340631,,,parent_child
Symptom,1fd3a54e-af36-11eb-8fc3-1e003a340631,Symptom,0e62ddd6-0ee2-425a-a3ae-d06ad25b3d46,,,parent_child
Symptom,1fd3a54e-af36-11eb-8fc3-1e003a340631,Symptom,10cfe36f-241a-41f3-aa72-30fe5d5a6992,,,parent_child
Symptom,e2f21912-d456-11eb-a77f-1e003a340630,Symptom,47a7ab20-a65c-11eb-8d02-1e003a340630,,,parent_child
Symptom,479df314-a65c-11eb-8d02-1e003a340630,Symptom,e2f29fae-d456-11eb-a77f-1e003a340630,,,parent_child
Symptom,47850d5e-a65c-11eb-8d02-1e003a340630,Symptom,47834780-a65c-11eb-8d02-1e003a340630,,,parent_child
Symptom,0ad16a82-252e-11ec-832a-1e003a340631,Symptom,4739c8bc-a65c-11eb-8d02-1e003a340630,,,parent_child
Symptom,0ad16a82-252e-11ec-832a-1e003a340631,Symptom,473aa656-a65c-11eb-8d02-1e003a340630,,,parent_child
Symptom,47403170-a65c-11eb-8d02-1e003a340630,Symptom,1fd4a854-af36-11eb-8fc3-1e003a340631,,,same_as
Symptom,474081d4-a65c-11eb-8d02-1e003a340630,Symptom,4736971e-a65c-11eb-8d02-1e003a340630,,,similar_to
Symptom,479a0196-a65c-11eb-8d02-1e003a340630,Symptom,e2f2e9b4-d456-11eb-a77f-1e003a340630,,,similar_to
Symptom,34410c44-b416-11eb-8c69-1e003a340631,Symptom,1fd3d6b8-af36-11eb-8fc3-1e003a340631,,,similar_to
Symptom,478a382e-a65c-11eb-8d02-1e003a340630,Symptom,cbade44f-adca-4d70-a02d-a607e57bddf7,,,similar_to
Symptom,4772af74-a65c-11eb-8d02-1e003a340630,Symptom,47826efa-a65c-11eb-8d02-1e003a340630,,,parent_child
Symptom,47760d5e-a65c-11eb-8d02-1e003a340630,Symptom,4745c8d8-a65c-11eb-8d02-1e003a340630,,,same_as
Symptom,a088933a-ba5c-11eb-8eb6-1e003a340631,Symptom,1fd52554-af36-11eb-8fc3-1e003a340631,,,similar_to
Symptom,473569ac-a65c-11eb-8d02-1e003a340630,Symptom,477cc9d2-a65c-11eb-8d02-1e003a340630,,,similar_to
Symptom,4781953e-a65c-11eb-8d02-1e003a340630,Symptom,473914a8-a65c-11eb-8d02-1e003a340630,,,similar_to
Symptom,477d691e-a65c-11eb-8d02-1e003a340630,Symptom,477a4cb6-a65c-11eb-8d02-1e003a340630,,,same_as
Symptom,477d691e-a65c-11eb-8d02-1e003a340630,Symptom,bb00e9fb-1a3a-44f9-baa8-fd17d4700c0c,,,similar_to
Symptom,477a4cb6-a65c-11eb-8d02-1e003a340630,Symptom,bb00e9fb-1a3a-44f9-baa8-fd17d4700c0c,,,similar_to
Symptom,475e43c2-a65c-11eb-8d02-1e003a340630,Symptom,478233fe-a65c-11eb-8d02-1e003a340630,,,similar_to
Symptom,478233fe-a65c-11eb-8d02-1e003a340630,Symptom,478a8702-a65c-11eb-8d02-1e003a340630,,,similar_to
Symptom,478a8702-a65c-11eb-8d02-1e003a340630,Symptom,4787ab2c-a65c-11eb-8d02-1e003a340630,,,similar_to
Symptom,4787ab2c-a65c-11eb-8d02-1e003a340630,Symptom,478233fe-a65c-11eb-8d02-1e003a340630,,,similar_to
Symptom,473914a8-a65c-11eb-8d02-1e003a340630,Symptom,4781953e-a65c-11eb-8d02-1e003a340630,,,similar_to
Symptom,4781953e-a65c-11eb-8d02-1e003a340630,Symptom,475b7ca0-a65c-11eb-8d02-1e003a340630,,,similar_to
Symptom,475b7ca0-a65c-11eb-8d02-1e003a340630,Symptom,473914a8-a65c-11eb-8d02-1e003a340630,,,similar_to
